LandContour,GarageYrBlt,FullBath,BsmtFinSF1,TotRmsAbvGrd,ExterQual,OpenPorchSF,Heating,Condition2,OverallQual,GarageCars,KitchenQual,KitchenAbvGr,2ndFlrSF,CentralAir,BsmtQual,TotalBsmtSF,Fireplaces,SalePrice
Lvl,2003.0,2,706,8,Gd,61,GasA,Norm,7,2,Gd,1,854,Y,Gd,856,0,208500
Lvl,1976.0,2,978,6,TA,0,GasA,Norm,6,2,TA,1,0,Y,Gd,1262,1,181500
Lvl,2001.0,2,486,6,Gd,42,GasA,Norm,7,2,Gd,1,866,Y,Gd,920,1,223500
Lvl,1998.0,1,216,7,TA,35,GasA,Norm,7,3,Gd,1,756,Y,TA,756,1,140000
Lvl,2000.0,2,655,9,Gd,84,GasA,Norm,8,3,Gd,1,1053,Y,Gd,1145,1,250000
Lvl,1993.0,1,732,5,TA,30,GasA,Norm,5,2,TA,1,566,Y,Gd,796,0,143000
Lvl,2004.0,2,1369,7,Gd,57,GasA,Norm,8,2,Gd,1,0,Y,Ex,1686,1,307000
Lvl,1973.0,2,859,7,TA,204,GasA,Norm,7,2,TA,1,983,Y,Gd,1107,2,200000
Lvl,1931.0,2,0,8,TA,0,GasA,Norm,7,2,TA,2,752,Y,TA,952,2,129900
Lvl,1939.0,1,851,5,TA,4,GasA,Artery,5,1,TA,2,0,Y,TA,991,2,118000
Lvl,1965.0,1,906,5,TA,0,GasA,Norm,5,1,TA,1,0,Y,TA,1040,0,129500
Lvl,2005.0,3,998,11,Ex,21,GasA,Norm,9,3,Ex,1,1142,Y,Ex,1175,2,345000
Lvl,1962.0,1,737,4,TA,0,GasA,Norm,5,1,TA,1,0,Y,TA,912,0,144000
Lvl,2006.0,2,0,7,Gd,33,GasA,Norm,7,3,Gd,1,0,Y,Gd,1494,1,279500
Lvl,1960.0,1,733,5,TA,213,GasA,Norm,6,1,TA,1,0,Y,TA,1253,1,157000
Lvl,1991.0,1,0,5,TA,112,GasA,Norm,7,2,TA,1,0,Y,TA,832,0,132000
Lvl,1970.0,1,578,5,TA,0,GasA,Norm,6,2,TA,1,0,Y,TA,1004,1,149000
Lvl,1967.0,2,0,6,TA,0,GasA,Norm,4,2,TA,2,0,Y,TA,0,0,90000
Lvl,2004.0,1,646,6,TA,102,GasA,Norm,5,2,Gd,1,0,Y,TA,1114,0,159000
Lvl,1958.0,1,504,6,TA,0,GasA,Norm,5,1,TA,1,0,Y,TA,1029,0,139000
Lvl,2005.0,3,0,9,Gd,154,GasA,Norm,8,3,Gd,1,1218,Y,Ex,1158,1,325300
Bnk,1930.0,1,0,6,TA,0,GasA,Norm,7,1,Gd,1,0,Y,TA,637,1,139400
Lvl,2002.0,2,0,7,Gd,159,GasA,Norm,8,2,Gd,1,0,Y,Gd,1777,1,230000
Lvl,1976.0,1,840,6,TA,110,GasA,Norm,5,2,TA,1,0,Y,Gd,1040,1,129900
Lvl,1968.0,1,188,6,TA,90,GasA,Norm,5,1,Gd,1,0,Y,TA,1060,1,154000
Lvl,2007.0,2,0,7,Gd,56,GasA,Norm,8,3,Gd,1,0,Y,Gd,1566,1,256300
Lvl,2005.0,1,234,5,TA,32,GasA,Norm,5,2,Gd,1,0,Y,TA,900,0,134800
Lvl,2008.0,2,1218,7,Gd,50,GasA,Norm,8,3,Gd,1,0,Y,Ex,1704,1,306000
Lvl,1957.0,1,1277,6,TA,258,GasA,Norm,5,1,TA,1,0,Y,TA,1484,2,207500
Lvl,1920.0,1,0,4,TA,0,GasA,RRNn,4,1,Fa,1,0,N,TA,520,0,68500
Lvl,1920.0,1,0,6,TA,54,GasA,Norm,4,1,TA,1,668,N,TA,649,0,40000
Lvl,1966.0,1,0,6,TA,65,GasA,Norm,5,1,Gd,1,0,Y,TA,1228,0,149350
Lvl,2007.0,2,0,7,Gd,30,GasA,Norm,8,2,Gd,1,0,Y,Ex,1234,0,179900
Lvl,1959.0,1,1018,6,TA,38,GasA,Norm,5,2,Gd,1,0,Y,TA,1398,1,165500
Lvl,2005.0,2,1153,6,Ex,47,GasA,Norm,9,2,Ex,1,0,Y,Ex,1561,1,277500
Lvl,2004.0,3,0,9,Gd,32,GasA,Norm,8,3,Gd,1,1320,Y,Ex,1117,1,309000
Lvl,1995.0,1,0,6,TA,64,GasA,Norm,5,2,TA,1,0,Y,Gd,1097,0,145000
Lvl,1954.0,1,1213,5,TA,0,GasA,Norm,5,2,TA,1,0,Y,TA,1297,1,153000
Lvl,1953.0,1,731,5,TA,52,GasA,Norm,5,1,Gd,1,0,Y,TA,1057,0,109000
Lvl,2005.0,2,0,6,TA,0,GasA,Norm,4,0,Fa,2,0,N,TA,0,0,82000
Lvl,1965.0,2,643,6,TA,138,GasA,Norm,6,2,TA,1,0,Y,TA,1088,1,160000
Lvl,1959.0,1,967,5,TA,104,GasA,Norm,5,1,TA,1,0,Y,TA,1350,2,170000
Lvl,1983.0,1,747,5,TA,0,GasA,Norm,5,2,Gd,1,0,Y,Gd,840,0,144000
Lvl,1977.0,1,280,5,TA,0,GasA,Norm,5,1,TA,1,0,Y,Gd,938,0,130250
Lvl,1959.0,1,179,6,TA,0,GasA,Norm,5,1,TA,1,0,Y,TA,1150,0,141000
Lvl,2005.0,2,456,6,Ex,82,GasA,Norm,9,2,Ex,1,0,Y,Ex,1752,1,319900
Lvl,2003.0,1,1351,6,Gd,43,GasA,Norm,7,2,Gd,1,631,Y,Ex,1434,1,239686
Lvl,2006.0,2,24,7,Gd,146,GasA,Norm,8,3,Gd,1,0,Y,Gd,1656,0,249700
Lvl,2005.0,2,0,8,TA,0,GasA,Norm,4,0,TA,3,716,Y,TA,736,0,113000
Lvl,1966.0,1,763,6,TA,0,GasA,Norm,5,1,TA,1,0,Y,TA,955,0,127000
Lvl,1997.0,2,182,6,TA,75,GasA,Norm,6,2,TA,1,676,Y,Gd,794,0,177000
Lvl,1985.0,1,0,6,TA,0,GasA,Norm,6,2,TA,1,0,Y,TA,816,1,114500
Bnk,1963.0,1,104,5,Fa,0,GasA,Norm,5,2,TA,1,0,N,Gd,816,0,110000
Low,1981.0,0,1810,5,Gd,72,GasA,Norm,9,3,Gd,1,0,Y,Ex,1842,1,385000
Bnk,1962.0,1,384,6,TA,50,GasA,Norm,5,2,TA,1,0,Y,TA,384,1,130000
Lvl,1964.0,2,490,7,TA,0,GasA,Norm,6,2,TA,1,0,Y,TA,1425,1,180500
Lvl,1999.0,2,649,7,Gd,0,GasA,Norm,8,2,Gd,1,756,Y,Gd,970,0,172500
Lvl,2004.0,2,0,7,Gd,70,GasA,Norm,7,2,Gd,1,860,Y,Gd,860,0,196500
HLS,2006.0,3,0,10,Ex,0,GasA,Norm,10,3,Gd,1,1519,Y,Ex,1410,1,438780
Bnk,1973.0,1,632,4,TA,0,GasA,Norm,5,1,TA,1,0,Y,TA,780,0,124900
Lvl,2006.0,1,941,5,TA,50,GasA,Norm,6,2,Gd,1,0,Y,Gd,1158,0,158000
Lvl,1935.0,1,0,6,TA,0,GasA,Norm,5,1,Fa,1,530,N,TA,530,0,101000
Lvl,2006.0,2,24,6,Gd,49,GasA,Norm,8,2,Gd,1,0,Y,Gd,1370,1,202500
Bnk,1990.0,2,0,9,TA,11,GasA,Feedr,7,2,TA,1,808,Y,TA,576,0,140000
Lvl,1998.0,2,739,8,TA,36,GasA,Norm,7,2,Gd,1,977,Y,Gd,1057,0,219500
Lvl,2004.0,2,0,9,Gd,151,GasA,Norm,8,3,Gd,1,1330,Y,Ex,1143,1,317000
Lvl,1970.0,2,912,7,TA,0,GasA,Norm,7,2,TA,1,0,Y,Gd,1947,1,180000
Lvl,2003.0,2,1013,7,Gd,29,GasA,Norm,7,2,Gd,1,0,Y,Gd,1453,0,226000
Lvl,1945.0,1,0,4,TA,0,GasA,Norm,4,1,TA,1,0,Y,TA,747,0,80000
Lvl,1953.0,2,603,7,Gd,21,GasW,Norm,7,2,TA,1,983,Y,TA,1304,1,225000
Lvl,1973.0,2,1880,8,TA,0,GasA,Norm,7,2,TA,1,0,Y,Gd,2223,2,244000
Lvl,1987.0,1,565,4,TA,0,GasA,Norm,4,2,TA,1,0,Y,TA,845,0,129500
Lvl,1998.0,2,0,7,TA,94,GasA,Norm,7,2,TA,1,833,Y,Gd,832,1,185000
Lvl,1989.0,1,320,6,TA,0,GasA,Norm,5,2,TA,1,0,Y,TA,1086,0,144900
Lvl,1915.0,2,0,8,Gd,0,GasA,Norm,3,1,TA,2,765,N,Fa,840,0,107400
Lvl,1973.0,1,462,5,TA,101,GasA,Norm,4,1,TA,1,462,Y,Gd,462,0,91000
Lvl,1956.0,1,228,4,TA,0,GasA,Norm,4,1,TA,1,0,Y,TA,952,0,135750
Lvl,1948.0,1,336,6,TA,0,GasA,Norm,5,1,TA,1,213,Y,TA,672,0,127000
Lvl,2005.0,2,0,8,TA,0,GasA,Norm,4,0,TA,2,0,N,TA,1768,0,136500
Lvl,1966.0,1,0,5,TA,0,GasA,Norm,5,2,TA,1,548,Y,TA,440,0,110000
Lvl,1968.0,2,448,8,TA,72,GasA,Norm,6,1,Gd,1,960,Y,Gd,896,1,193500
Lvl,1998.0,2,1201,5,TA,199,GasA,Norm,6,2,TA,1,0,Y,Ex,1237,0,153500
Lvl,2007.0,2,33,6,TA,99,GasA,Norm,8,3,Gd,1,0,Y,Gd,1563,1,245000
Lvl,1974.0,1,0,6,TA,0,GasA,Norm,5,2,TA,1,0,Y,TA,1065,0,126500
Lvl,1995.0,2,0,7,TA,72,GasA,Norm,7,2,TA,1,670,Y,Gd,384,1,168500
Lvl,1991.0,2,0,9,Gd,82,GasA,Norm,8,2,Gd,1,1116,Y,Gd,1288,1,260000
Lvl,2005.0,2,0,6,Gd,38,GasA,Norm,6,2,Gd,1,876,Y,Gd,684,1,174000
Lvl,2009.0,2,0,4,Gd,234,GasA,Norm,6,2,Gd,1,612,Y,Gd,612,0,164500
Lvl,2005.0,1,0,6,Fa,0,GasA,Feedr,3,0,Fa,1,0,N,TA,1013,0,85000
Lvl,2005.0,1,588,5,TA,0,GasA,Norm,4,0,TA,1,0,Y,Gd,990,0,123600
Lvl,1950.0,1,0,4,TA,29,GasA,Norm,4,2,TA,1,0,Y,TA,0,0,109900
Lvl,1961.0,1,600,6,TA,0,GasA,Norm,5,2,TA,1,0,Y,TA,1235,0,98600
HLS,1921.0,1,713,5,TA,0,GasA,Norm,5,2,TA,1,0,Y,Gd,876,0,163500
Lvl,1900.0,2,1046,9,TA,0,GasW,Norm,6,2,TA,2,1031,N,TA,1214,1,133900
Lvl,1997.0,2,648,7,TA,162,GasA,Norm,6,2,Gd,1,881,Y,Gd,824,0,204750
Lvl,1993.0,2,310,6,Ex,63,GasA,Norm,6,2,TA,1,790,Y,Gd,680,1,185000
Lvl,1999.0,2,1162,6,Gd,29,GasA,Norm,7,2,Gd,1,0,Y,Gd,1588,0,214000
HLS,1965.0,1,520,6,TA,0,GasA,Norm,4,1,TA,1,0,Y,TA,960,0,94750
Lvl,1920.0,1,108,5,TA,0,GasA,Norm,5,1,TA,1,0,N,TA,458,0,83000
Lvl,2005.0,1,569,6,TA,0,GasA,Norm,4,0,TA,1,0,Y,TA,950,0,128950
Lvl,1977.0,2,1200,6,TA,68,GasA,Norm,6,2,Gd,1,0,Y,TA,1610,2,205000
Lvl,1985.0,2,0,7,Gd,46,GasA,Norm,6,2,Gd,1,755,Y,Gd,741,1,178000
Bnk,1979.0,2,0,8,TA,0,GasA,Norm,5,2,TA,2,0,Y,TA,0,0,118964
Lvl,2009.0,2,0,6,TA,36,GasA,Norm,7,3,Gd,1,0,Y,Gd,1226,0,198900
Lvl,1951.0,1,224,7,TA,0,GasA,Norm,7,1,TA,1,592,Y,TA,1040,2,169500
Lvl,2003.0,2,0,9,Gd,45,GasA,Norm,8,2,Gd,1,939,Y,Ex,1053,1,250000
Lvl,1954.0,1,0,6,TA,0,GasA,Norm,4,1,TA,1,0,Y,Fa,641,0,100000
Lvl,1948.0,1,104,5,TA,0,GasA,Norm,5,1,TA,1,0,Y,TA,789,0,115000
Lvl,2005.0,2,0,7,TA,0,GasW,Norm,5,0,Fa,1,520,N,TA,793,0,115000
Lvl,1977.0,2,705,7,TA,122,GasA,Norm,6,2,TA,1,0,Y,Gd,1844,1,190000
Lvl,1954.0,2,444,7,TA,0,GasA,Norm,6,1,TA,1,639,Y,TA,994,0,136900
Lvl,2000.0,2,250,7,TA,0,GasA,Norm,7,2,TA,1,656,Y,Gd,384,1,180000
Lvl,2007.0,2,984,10,Gd,184,GasA,Norm,7,3,Ex,1,1414,Y,Ex,1264,1,383970
Bnk,1953.0,2,35,7,TA,120,GasA,Norm,6,2,Gd,1,0,Y,Gd,1809,2,217000
Lvl,1945.0,2,774,9,TA,0,GasA,Norm,6,1,Gd,1,884,Y,TA,1028,1,259500
Lvl,1999.0,2,419,5,TA,32,GasA,Norm,6,2,TA,1,729,Y,Gd,729,1,176000
Lvl,1962.0,1,170,6,TA,20,GasA,Norm,5,1,TA,1,0,Y,TA,1092,1,139000
Lvl,2007.0,1,0,5,TA,64,GasA,Norm,5,2,TA,1,0,Y,Gd,1125,0,155000
Lvl,1990.0,3,1470,11,TA,0,GasA,Norm,7,3,Gd,1,1523,Y,Gd,1673,2,320000
Lvl,2005.0,2,0,8,Gd,24,GasA,Norm,6,2,Gd,1,728,Y,Gd,728,1,163990
Low,1969.0,1,938,4,TA,130,GasA,Norm,6,2,TA,1,0,Y,TA,938,2,180000
Lvl,1979.0,1,0,4,TA,0,GasA,Norm,4,1,TA,1,351,Y,TA,732,0,100000
Lvl,1958.0,1,570,5,TA,0,GasA,Norm,6,1,TA,1,0,Y,TA,1080,0,136000
Lvl,1993.0,2,300,5,Gd,63,GasA,Norm,6,2,Gd,1,0,Y,Gd,1199,0,153900
Lvl,1979.0,2,0,7,TA,0,GasA,Norm,6,2,TA,1,0,Y,Gd,1362,1,181000
Lvl,2005.0,1,490,5,TA,0,GasA,Norm,6,0,TA,1,0,N,TA,520,0,84500
Lvl,1977.0,2,120,5,TA,205,GasA,Norm,6,2,TA,1,0,Y,Gd,1078,1,128000
Bnk,2005.0,1,116,5,TA,0,GasA,Norm,5,0,TA,1,0,Y,TA,672,1,87000
Lvl,1966.0,1,512,6,TA,108,GasA,Norm,6,2,TA,1,688,Y,TA,660,1,155000
Lvl,1998.0,1,567,6,TA,80,GasA,Norm,5,2,Ex,1,0,Y,TA,1008,0,150000
Lvl,1966.0,2,445,8,TA,66,GasA,Norm,7,2,Gd,1,941,Y,TA,924,2,226000
Lvl,2000.0,2,695,7,Gd,48,GasA,Norm,6,2,Gd,1,1032,Y,Gd,992,1,244000
Lvl,1974.0,1,405,7,TA,0,GasA,Norm,5,2,Gd,1,0,Y,TA,1063,0,150750
Lvl,2001.0,2,1005,6,Gd,25,GasA,Norm,8,2,Gd,1,0,Y,Ex,1267,0,220000
Lvl,1968.0,2,570,7,TA,96,GasA,Norm,5,2,TA,1,0,Y,TA,1461,1,180000
Lvl,1970.0,2,0,7,TA,0,GasA,Norm,7,2,TA,1,0,Y,TA,1304,1,174000
Lvl,1967.0,2,695,5,TA,111,GasA,Norm,5,1,TA,1,0,Y,TA,1214,1,143000
Lvl,1989.0,3,0,9,TA,0,GasA,Norm,7,3,TA,2,0,Y,TA,1907,0,171000
Lvl,1999.0,2,668,7,Gd,106,GasA,Norm,8,3,Gd,1,848,Y,Gd,1004,2,230000
Lvl,1997.0,2,821,7,TA,99,GasA,Norm,6,2,Gd,1,836,Y,Gd,928,0,231500
Lvl,2005.0,1,432,5,TA,0,GasA,Norm,4,0,TA,1,0,Y,TA,864,1,115000
Lvl,2005.0,2,1300,7,Gd,24,GasA,Norm,7,2,Gd,1,0,Y,Gd,1734,0,260000
Lvl,2000.0,2,507,6,TA,0,GasA,Norm,5,2,TA,1,475,Y,TA,910,0,166000
Lvl,1999.0,2,679,6,Gd,29,GasA,Norm,7,2,Gd,1,0,Y,Gd,1490,0,204000
Lvl,1963.0,2,1332,10,TA,0,GasA,Norm,5,2,TA,2,0,Y,TA,1728,0,125000
Lvl,2004.0,2,0,7,Gd,40,GasA,Norm,6,2,Gd,1,739,Y,Gd,970,0,130000
Lvl,1931.0,1,209,5,TA,0,GasA,Norm,5,1,TA,1,0,Y,TA,715,0,105000
Lvl,2001.0,2,0,8,Gd,48,GasA,Norm,7,2,Gd,1,1151,Y,Gd,884,1,222500
Lvl,2005.0,1,680,6,TA,0,GasA,Norm,7,0,Gd,1,0,Y,Gd,1080,0,141000
Lvl,1936.0,1,0,7,TA,114,GasA,Norm,5,1,TA,1,448,Y,Gd,896,0,115000
Lvl,1975.0,1,716,5,TA,0,GasA,Norm,5,2,TA,1,0,Y,TA,969,0,122000
Lvl,2007.0,2,1400,6,Gd,102,GasA,Norm,8,3,Gd,1,0,Y,Ex,1710,1,372402
Lvl,1971.0,2,416,8,TA,66,GasA,Norm,6,2,TA,1,896,Y,TA,825,1,190000
Lvl,1960.0,1,429,4,TA,0,GasA,Norm,6,2,TA,1,0,Y,Gd,1602,1,235000
Lvl,1923.0,1,0,7,TA,0,GasA,Norm,6,1,TA,1,0,Y,TA,1200,0,125000
Lvl,2005.0,1,0,5,TA,8,Grav,Norm,6,0,TA,1,524,N,TA,572,0,79000
Lvl,1950.0,1,0,5,TA,0,GasA,Norm,5,2,TA,1,0,Y,TA,0,0,109500
Lvl,2009.0,2,0,8,Gd,75,GasA,Norm,8,3,Ex,1,1194,Y,Ex,774,1,269500
Lvl,2004.0,2,222,8,Gd,136,GasA,Norm,7,2,Gd,1,956,Y,Gd,991,1,254900
HLS,2006.0,2,57,9,Gd,132,GasA,Norm,7,2,Gd,1,1070,Y,Gd,1392,1,320000
Lvl,1984.0,2,660,6,TA,0,GasA,Norm,6,2,TA,1,0,Y,Gd,1232,0,162500
Lvl,2003.0,2,1016,10,Gd,0,GasA,Norm,9,3,Ex,1,1096,Y,Ex,1572,2,412500
Lvl,2005.0,2,1201,7,Gd,70,GasA,Norm,7,2,Gd,1,0,Y,Gd,1541,1,220000
Lvl,2005.0,1,0,4,TA,0,GasA,Norm,4,0,TA,1,0,Y,TA,882,0,103200
Lvl,1926.0,2,370,5,TA,0,GasA,Norm,6,1,Gd,1,467,Y,TA,1149,0,152000
Lvl,2005.0,2,351,6,TA,0,GasA,Norm,5,0,TA,2,547,Y,TA,644,0,127500
Lvl,1955.0,1,379,7,Gd,0,GasA,Norm,5,1,TA,1,0,Y,TA,1617,3,190000
Lvl,2007.0,1,1288,8,Gd,120,GasA,Norm,8,3,Ex,1,551,Y,Ex,1582,1,325624
Lvl,2004.0,2,0,7,Gd,48,GasA,Norm,7,2,Gd,1,880,Y,Gd,840,1,183500
Lvl,1981.0,2,0,6,Gd,64,GasA,Norm,8,2,TA,1,0,Y,Gd,1686,1,228000
Lvl,1991.0,1,360,7,TA,0,GasA,Norm,5,2,TA,1,0,Y,TA,720,0,128500
Lvl,1960.0,1,639,7,TA,62,GasA,Norm,6,2,TA,1,0,Y,TA,1080,2,215000
Lvl,1987.0,2,495,5,Gd,35,GasA,Norm,7,2,Gd,1,703,Y,Gd,1064,1,239000
Lvl,1961.0,1,288,6,TA,20,GasA,Norm,6,2,TA,1,0,Y,TA,1362,1,163000
Lvl,1986.0,2,1398,7,TA,0,GasA,Norm,6,2,TA,1,0,Y,Gd,1606,1,184000
Lvl,1950.0,2,477,7,TA,29,GasA,Norm,6,2,Gd,1,0,Y,TA,1202,1,243000
Lvl,1988.0,2,831,8,Gd,228,GasA,Norm,6,2,TA,1,896,Y,Gd,1151,1,211000
Lvl,1958.0,2,57,8,Gd,0,GasA,Norm,5,2,Gd,1,668,Y,TA,1052,1,172500
Lvl,2009.0,2,1904,9,Ex,60,GasA,Norm,9,3,Ex,1,0,Y,Ex,2216,1,501837
Lvl,1935.0,1,0,5,Gd,0,GasA,Norm,5,2,TA,1,0,Y,TA,968,0,100000
Lvl,2000.0,2,436,5,Gd,0,GasA,Norm,6,2,Gd,1,756,Y,Gd,756,1,177000
Lvl,1920.0,1,352,9,TA,0,GasA,Norm,7,1,TA,1,901,Y,Fa,793,1,200100
Lvl,1957.0,1,0,7,TA,0,GasA,Norm,5,1,TA,1,0,Y,TA,0,1,120000
Lvl,2003.0,2,0,6,TA,238,GasA,Norm,7,2,Gd,1,720,Y,Gd,1362,0,200000
Lvl,1986.0,1,0,5,TA,0,GasA,Feedr,5,2,TA,1,316,Y,Fa,504,0,127000
Lvl,1993.0,2,0,12,Gd,260,GasA,Norm,10,3,Ex,1,1518,Y,TA,1107,2,475000
Lvl,1990.0,2,611,6,TA,27,GasA,Norm,7,2,Gd,1,0,Y,Gd,1188,0,173000
Lvl,1916.0,2,0,8,TA,0,GasA,Norm,5,1,TA,1,704,Y,Fa,660,0,135000
Bnk,1979.0,0,1086,6,TA,0,GasA,Norm,5,2,TA,2,0,Y,Gd,1086,2,153337
Lvl,2001.0,1,1153,5,Gd,120,GasA,Norm,8,2,Ex,1,0,Y,Ex,1593,1,286000
Bnk,1932.0,2,297,10,Gd,74,GasA,Norm,8,2,Gd,1,1178,Y,Gd,853,2,315000
Lvl,1972.0,1,626,7,TA,32,GasA,Norm,7,2,Gd,1,754,Y,TA,725,0,184000
Lvl,1999.0,2,560,6,Gd,35,GasA,Norm,7,2,Gd,1,0,Y,Gd,1431,0,192000
Lvl,2004.0,2,0,7,Gd,40,GasA,Norm,7,2,Gd,1,739,Y,Gd,970,0,130000
Lvl,1989.0,1,390,5,TA,0,GasA,Norm,5,1,TA,1,0,Y,TA,864,0,127000
Lvl,1976.0,2,566,7,TA,0,GasA,Norm,6,2,TA,1,601,Y,Gd,855,1,148500
Lvl,2007.0,2,1126,8,Ex,138,GasA,Norm,7,3,Ex,1,0,Y,Ex,1726,1,311872
Lvl,1918.0,2,1036,8,Gd,16,GasA,Norm,8,2,Gd,1,1360,Y,TA,1360,1,235000
Lvl,2005.0,1,0,8,TA,198,GasA,Norm,6,0,TA,1,929,Y,TA,755,0,104000
Lvl,2004.0,2,1088,7,Gd,26,GasA,Norm,8,3,Ex,1,0,Y,Ex,1713,1,274900
Lvl,2003.0,2,0,5,TA,64,GasA,Norm,4,2,TA,1,0,Y,Gd,1121,0,140000
Lvl,1980.0,2,641,6,TA,83,GasA,Norm,6,2,TA,1,0,Y,TA,1196,2,171500
Lvl,1924.0,2,617,6,TA,0,GasA,Norm,6,1,TA,1,445,Y,Fa,617,0,112000
Lvl,2004.0,1,662,3,Gd,0,GasA,Norm,6,2,Gd,1,0,Y,Gd,848,1,149000
Lvl,1948.0,1,312,5,TA,35,GasA,Norm,5,1,TA,1,564,Y,TA,720,0,110000
Lvl,1990.0,2,0,5,TA,34,GasA,Norm,7,2,TA,1,0,Y,Gd,1424,0,180500
Lvl,1962.0,1,0,8,TA,30,GasA,Norm,5,1,TA,1,0,Y,TA,1140,1,143900
Lvl,1960.0,1,419,6,TA,0,GasA,Norm,4,1,TA,1,0,Y,TA,1100,1,141000
Low,1988.0,2,1065,7,Gd,55,GasA,Norm,7,2,TA,1,882,Y,Gd,1157,1,277000
Lvl,1964.0,1,787,6,TA,0,GasA,Norm,6,2,TA,1,0,Y,Gd,1092,0,145000
Lvl,2005.0,1,468,5,TA,0,GasA,Norm,5,0,TA,1,0,N,TA,864,0,98000
Lvl,2009.0,2,36,6,TA,22,GasA,Norm,6,2,Gd,1,0,Y,Gd,1212,0,186000
Lvl,2009.0,2,822,7,TA,108,GasA,Norm,7,2,Gd,1,920,Y,Gd,900,1,252678
Lvl,1996.0,1,716,5,TA,0,GasA,Norm,5,2,TA,1,0,Y,Gd,990,0,156000
Lvl,1977.0,1,378,6,TA,36,GasA,Norm,6,1,TA,1,703,Y,Gd,689,0,161750
Lvl,1957.0,1,360,6,TA,0,GasA,Norm,5,1,Gd,1,0,Y,TA,1070,1,134450
Lvl,2004.0,2,946,8,Gd,98,GasA,Norm,7,2,Gd,1,0,Y,Gd,1436,0,210000
Lvl,1940.0,1,0,8,TA,172,GasA,Norm,4,1,TA,1,518,N,TA,686,0,107000
Lvl,1939.0,1,341,8,Gd,119,GasA,Norm,7,2,Gd,1,817,Y,TA,798,2,311500
Lvl,2005.0,2,16,5,Gd,0,GasA,Norm,7,2,Gd,1,0,Y,Gd,1248,0,167240
Lvl,2006.0,2,0,5,Gd,33,GasA,Norm,7,2,Gd,1,0,Y,Gd,1498,0,204900
Lvl,2002.0,2,0,8,Gd,46,GasA,Norm,6,2,Gd,1,1257,Y,Gd,1010,1,200000
Lvl,1975.0,2,550,6,TA,208,GasA,Norm,6,2,TA,1,741,Y,Gd,713,1,179900
Lvl,1989.0,1,524,4,TA,0,GasA,Norm,4,2,TA,1,0,Y,TA,864,0,97000
Lvl,2003.0,2,56,8,Ex,105,GasA,Norm,10,3,Ex,1,0,Y,Ex,2392,1,386250
Lvl,1991.0,2,0,6,TA,0,GasA,Norm,5,1,TA,1,672,Y,TA,630,0,112000
Lvl,1995.0,2,565,9,Gd,114,GasA,Norm,7,3,Gd,1,1306,Y,Gd,1203,1,290000
Lvl,1987.0,1,321,5,TA,0,GasA,Norm,6,1,TA,1,504,Y,TA,483,0,106000
Lvl,1974.0,1,842,5,TA,0,GasA,Norm,5,1,TA,1,0,Y,TA,912,1,125000
Lvl,2005.0,2,16,7,Gd,20,GasA,Norm,7,2,Gd,1,0,Y,Gd,1373,1,192500
Lvl,1959.0,1,0,6,TA,0,GasA,Norm,6,1,TA,1,0,Y,TA,1194,0,148000
Lvl,1995.0,2,689,9,Gd,146,GasA,Norm,8,3,Ex,1,1304,Y,Gd,1462,1,403000
Lvl,1972.0,1,0,5,TA,0,GasA,Norm,6,1,TA,1,504,Y,TA,483,1,94500
Lvl,1976.0,1,182,5,TA,0,GasA,Norm,5,1,TA,1,0,Y,TA,894,0,128200
Lvl,2002.0,2,625,8,Gd,48,GasA,Norm,6,2,Gd,1,1100,Y,Gd,860,2,216500
Lvl,1971.0,1,358,5,TA,0,GasA,Norm,6,1,TA,1,504,Y,TA,483,0,89500
Lvl,2004.0,2,24,6,Gd,105,GasA,Norm,7,2,Gd,1,0,Y,Gd,1414,0,185500
Lvl,1993.0,2,402,7,Gd,70,GasA,Norm,7,2,Gd,1,730,Y,Gd,996,0,194500
Lvl,2007.0,2,0,7,Ex,228,GasA,Norm,8,3,Gd,1,0,Y,Ex,1694,0,318000
Lvl,1949.0,1,94,7,TA,140,GasA,Norm,6,1,TA,1,689,Y,TA,735,1,113000
Lvl,2008.0,2,1078,7,Gd,168,GasA,Norm,8,2,Gd,1,0,Y,Gd,1566,0,262500
Lvl,2005.0,1,329,4,TA,42,GasA,Norm,5,0,Gd,1,0,Y,TA,686,0,110500
Lvl,1940.0,1,0,6,TA,0,GasA,Norm,5,1,TA,1,551,N,TA,540,0,79000
Lvl,1980.0,1,0,6,TA,28,GasA,Norm,6,1,TA,1,591,Y,Gd,626,1,120000
Lvl,1994.0,2,695,8,Gd,130,GasA,Norm,7,2,Gd,1,888,Y,Gd,948,2,205000
Lvl,1988.0,2,929,6,TA,39,GasA,Norm,7,2,TA,1,0,Y,Gd,1845,1,241500
Lvl,1910.0,2,0,9,TA,60,GasA,Norm,6,1,Fa,2,1020,N,Fa,1020,0,137000
Lvl,1954.0,1,0,5,TA,30,GasA,Norm,6,2,TA,1,0,Y,TA,1367,1,140000
Lvl,2003.0,2,0,8,Gd,68,GasA,Norm,7,2,Gd,1,828,Y,Gd,840,0,180000
Low,1958.0,2,697,7,Gd,98,GasA,Norm,6,2,Gd,1,700,Y,Gd,1444,2,277000
Lvl,2005.0,1,0,6,TA,0,GasA,Norm,3,0,Fa,1,0,Y,TA,728,0,76500
HLS,2006.0,2,1573,5,Gd,0,GasA,Norm,8,2,Gd,1,0,Y,Gd,1573,1,235000
Lvl,2004.0,2,0,6,Gd,45,GasA,Norm,6,2,Gd,1,842,Y,Gd,798,0,173000
Lvl,1964.0,2,270,7,TA,0,GasA,Norm,6,1,Gd,1,0,Y,Gd,1302,0,158000
Lvl,1957.0,1,922,5,TA,0,GasA,Norm,5,1,TA,1,0,Y,TA,1314,0,145000
Lvl,1999.0,2,0,8,Gd,0,GasA,Norm,7,2,Gd,1,1286,Y,Gd,975,1,230000
Lvl,2003.0,2,503,7,Gd,56,GasA,Norm,6,2,Gd,1,864,Y,Gd,864,0,207500
Lvl,2006.0,2,1334,8,Gd,110,GasA,Norm,7,2,Gd,1,0,Y,Gd,1604,1,220000
Lvl,2001.0,2,361,7,Gd,96,GasA,Norm,7,2,Gd,1,829,Y,Gd,963,1,231500
Lvl,1956.0,1,0,4,TA,45,GasA,Norm,5,1,TA,1,0,Y,TA,0,0,97000
Lvl,1991.0,1,672,6,TA,0,GasA,Norm,6,2,TA,1,0,Y,TA,1362,1,176000
Lvl,2007.0,2,0,10,Gd,148,GasA,Norm,8,3,Ex,1,1092,Y,Ex,1482,1,276000
Lvl,1978.0,1,506,6,TA,12,GasA,Norm,6,2,TA,1,0,Y,Gd,506,1,151000
Lvl,1974.0,1,234,6,TA,0,GasA,Norm,5,2,TA,1,0,Y,TA,926,0,130000
Bnk,1965.0,1,0,4,TA,0,GasA,Norm,5,2,TA,1,0,N,Fa,680,0,73000
Lvl,1981.0,2,588,7,TA,0,GasA,Norm,6,2,Gd,1,0,Y,Gd,1422,1,175500
HLS,1997.0,2,714,8,TA,75,GasA,Norm,6,2,TA,1,709,Y,Gd,802,1,185000
Bnk,1939.0,2,378,8,TA,24,GasA,Norm,5,1,Gd,1,720,Y,TA,720,1,179500
Lvl,1966.0,1,403,4,TA,25,GasA,Norm,5,1,TA,1,0,Y,TA,740,1,120500
Lvl,1987.0,1,751,6,TA,30,GasA,Norm,6,1,TA,1,0,Y,TA,1143,1,148000
Lvl,2006.0,2,0,8,Gd,51,GasA,Norm,8,3,Gd,1,844,Y,Gd,1095,1,266000
Low,1954.0,1,226,5,TA,0,GasA,Norm,7,2,TA,1,0,Y,Gd,1385,2,241500
Lvl,1999.0,2,524,9,Gd,57,GasA,Norm,8,3,Gd,1,1106,Y,Gd,1152,1,290000
Lvl,1958.0,2,620,6,TA,0,GasA,Norm,6,1,TA,1,0,Y,TA,1240,1,139000
Lvl,1982.0,1,546,5,TA,0,GasA,Norm,5,1,TA,1,0,Y,TA,816,0,124500
Lvl,1978.0,2,0,5,Gd,0,GasW,Norm,7,2,Ex,1,596,N,TA,952,0,205000
Lvl,2003.0,2,0,7,Gd,150,GasA,Norm,7,2,Gd,1,0,Y,Ex,1560,0,201000
Lvl,1951.0,1,120,4,TA,0,GasA,Norm,4,2,TA,1,0,Y,TA,864,0,141000
Lvl,2007.0,2,0,8,Ex,98,GasA,Norm,9,3,Ex,1,0,Y,Ex,2121,1,415298
Lvl,1977.0,2,392,8,TA,117,GasA,Norm,7,2,TA,1,866,Y,Gd,1160,1,192000
Lvl,1989.0,2,421,7,Gd,84,GasA,Norm,7,2,Gd,1,807,Y,Gd,807,1,228500
Lvl,2006.0,2,905,5,Gd,120,GasA,Norm,6,2,Gd,1,0,Y,Gd,1262,0,185000
Lvl,2008.0,2,904,6,Gd,62,GasA,Norm,7,2,Gd,1,0,Y,Gd,1314,1,207500
Lvl,2008.0,2,0,6,Gd,150,GasA,Norm,8,3,Gd,1,0,Y,Gd,1468,1,244600
Lvl,1992.0,2,430,5,Gd,0,GasA,Norm,6,2,Gd,1,0,Y,Gd,1575,0,179200
Lvl,2006.0,2,0,5,Gd,54,GasA,Norm,7,2,Gd,1,625,Y,Gd,625,0,164700
Bnk,1962.0,1,600,7,TA,0,GasA,Norm,6,2,Gd,1,649,Y,TA,912,1,159000
Lvl,2005.0,1,614,5,TA,0,GasA,Norm,4,0,TA,1,0,Y,TA,858,0,88000
Lvl,1970.0,1,450,5,TA,0,GasA,Norm,5,1,TA,1,0,Y,TA,882,0,122000
Lvl,2003.0,1,0,7,TA,0,GasA,Norm,6,1,TA,1,698,Y,TA,698,0,153575
Lvl,2006.0,2,0,8,Gd,51,GasA,Norm,8,2,Gd,1,840,Y,Gd,1079,1,233230
Bnk,2005.0,2,210,9,TA,184,GasA,Norm,5,0,Fa,1,780,N,TA,780,0,135900
Lvl,1949.0,1,292,8,TA,0,GasA,Norm,5,1,TA,1,568,Y,TA,768,1,131000
Lvl,1977.0,2,795,9,TA,250,GasA,Norm,7,2,Gd,1,795,Y,TA,795,1,235000
Lvl,1953.0,1,1285,7,TA,0,GasA,Norm,6,2,TA,1,0,Y,TA,1416,2,167000
Lvl,1984.0,1,819,6,TA,0,GasA,Norm,6,2,TA,1,0,Y,TA,1003,0,142500
Lvl,1950.0,1,420,6,TA,0,GasA,Norm,5,1,TA,1,648,Y,TA,910,0,152000
Lvl,1997.0,2,649,7,Gd,10,GasA,Norm,7,2,Gd,1,975,Y,Gd,975,1,239000
Lvl,1968.0,1,384,7,Gd,0,GasA,Norm,6,2,TA,1,702,Y,TA,702,1,175000
Lvl,1950.0,1,0,6,TA,36,GasA,Norm,6,1,Gd,1,0,Y,TA,1092,1,158500
Lvl,1953.0,1,841,5,TA,0,GasA,Norm,5,1,TA,1,0,Y,TA,1165,2,157000
Lvl,1998.0,2,281,9,Gd,50,GasA,Norm,8,2,Gd,1,1242,Y,Gd,1028,1,267000
Lvl,2001.0,2,0,6,Gd,81,GasA,Norm,7,3,Gd,1,0,Y,Gd,1541,1,205000
Lvl,1975.0,1,894,5,TA,0,GasA,Norm,5,2,TA,1,0,Y,TA,894,0,149900
Lvl,2003.0,3,0,10,TA,0,GasA,Norm,7,3,Gd,1,1818,Y,TA,1470,1,295000
Lvl,2004.0,2,1464,8,Gd,0,GasA,Norm,8,3,Gd,1,0,Y,Gd,2000,0,305900
Lvl,1990.0,2,700,8,Gd,44,GasA,Norm,7,3,Gd,1,1121,Y,Gd,700,1,225000
Lvl,2005.0,1,0,6,TA,144,GasA,Norm,6,0,Fa,1,371,Y,TA,319,0,89500
Lvl,1961.0,1,262,4,TA,0,GasA,Norm,4,2,TA,1,0,Y,TA,861,0,82500
Lvl,2003.0,2,1274,8,Gd,175,GasA,Norm,9,3,Ex,1,0,Y,Ex,1896,3,360000
Lvl,1993.0,2,518,6,TA,63,GasA,Norm,6,2,Gd,1,804,Y,Gd,697,1,165600
Lvl,1948.0,1,680,5,TA,0,GasA,Norm,6,1,TA,1,0,Y,TA,972,1,132000
Lvl,1939.0,1,507,5,TA,0,GasA,Norm,5,2,TA,1,325,Y,Gd,793,1,119900
Low,1965.0,2,1236,8,TA,0,GasW,Norm,7,2,TA,1,0,Y,Gd,2136,2,375000
Lvl,1925.0,1,16,6,TA,0,GasA,Norm,7,2,Ex,1,809,Y,TA,728,1,178000
Lvl,2004.0,2,425,6,Gd,51,GasA,Norm,7,2,Gd,1,716,Y,Gd,716,1,188500
Lvl,1983.0,2,692,10,Gd,195,GasA,Norm,7,2,Ex,1,1200,Y,Gd,845,1,260000
Lvl,2006.0,2,0,8,Gd,46,GasA,Norm,8,3,Gd,1,871,Y,Gd,1088,1,270000
Low,1993.0,2,987,9,Gd,60,GasA,Norm,7,3,Gd,1,1274,Y,Gd,1347,1,260000
Lvl,1980.0,2,1036,6,TA,48,GasA,Norm,7,2,TA,1,0,Y,Gd,1372,2,187500
Lvl,2006.0,3,0,9,TA,154,GasA,Norm,9,3,Gd,1,1347,Y,Ex,1249,0,342643
Lvl,2004.0,2,970,10,Gd,154,GasA,Norm,8,3,Gd,1,1332,Y,Ex,1136,1,354000
Lvl,1987.0,2,28,8,Gd,96,GasA,Norm,7,2,Gd,1,1177,Y,TA,1502,1,301000
Lvl,1955.0,1,256,6,TA,98,GasA,Norm,3,1,TA,1,0,Y,TA,1162,0,126175
Lvl,1961.0,2,0,11,Gd,0,GasA,Norm,7,2,Gd,1,1080,Y,Gd,710,1,242000
Lvl,1941.0,1,116,5,TA,0,GasA,Norm,5,2,TA,1,0,N,TA,720,0,87000
Lvl,1993.0,1,1619,6,Gd,30,GasA,Norm,8,2,Gd,1,0,Y,Gd,1719,2,324000
Lvl,1960.0,1,565,7,TA,45,GasA,Norm,6,1,TA,1,0,Y,TA,1383,0,145250
Bnk,1930.0,2,0,10,TA,60,GasA,Norm,6,2,Gd,1,689,N,TA,844,0,214500
Lvl,1920.0,1,0,6,TA,0,GasA,Norm,5,1,TA,1,596,N,TA,596,0,78000
Lvl,2002.0,2,40,10,TA,0,GasA,Norm,5,1,TA,2,0,Y,TA,1728,0,119000
Lvl,1958.0,1,846,6,TA,0,GasA,Norm,5,1,TA,1,0,Y,TA,1056,0,139000
Lvl,2003.0,2,1124,7,Gd,0,GasA,Norm,8,3,Gd,1,0,Y,Gd,3206,1,284000
Lvl,2004.0,2,720,6,Gd,30,GasA,Norm,7,2,Gd,1,0,Y,Gd,1358,1,207000
Lvl,1998.0,2,828,7,TA,38,GasA,Norm,6,2,TA,1,695,Y,Gd,943,2,192000
HLS,1965.0,2,1249,7,TA,0,GasA,Norm,5,2,TA,1,167,Y,TA,1499,2,228950
HLS,2005.0,2,1249,8,Gd,51,GasA,Norm,9,3,Gd,1,0,Y,Ex,1922,1,377426
Lvl,2002.0,2,810,7,Gd,74,GasA,Norm,7,2,Gd,1,0,Y,Gd,1536,0,214000
Lvl,1984.0,2,213,8,Gd,45,GasA,Norm,7,2,Gd,1,0,Y,Gd,1208,0,202500
Lvl,1958.0,1,585,6,TA,0,GasA,Norm,6,1,TA,1,0,Y,TA,1215,0,155000
Lvl,2002.0,2,0,9,Gd,0,GasA,Norm,8,2,Gd,1,915,Y,Gd,967,0,202900
Lvl,1950.0,1,0,4,Fa,0,GasA,Norm,4,1,TA,1,0,Y,TA,721,0,82000
Lvl,1949.0,2,0,6,TA,0,Wall,Norm,3,2,TA,2,0,N,TA,0,0,87500
Lvl,2005.0,2,28,6,Ex,72,GasA,Norm,9,2,Ex,1,0,Y,Ex,1684,1,266000
Lvl,1976.0,1,129,4,TA,0,GasA,Norm,5,1,TA,1,576,Y,Gd,536,0,85000
Lvl,1939.0,1,0,6,TA,0,GasA,Norm,6,1,Fa,1,605,Y,TA,972,1,140200
Lvl,1960.0,1,498,5,TA,0,GasA,Norm,6,1,TA,1,0,Y,TA,958,0,151500
Lvl,1960.0,2,1270,6,TA,40,GasA,Norm,6,2,TA,1,0,Y,TA,1478,2,157500
Lvl,2003.0,2,573,6,Gd,27,GasA,Norm,7,2,Gd,1,862,Y,Gd,764,0,154000
Lvl,2006.0,2,1410,10,Ex,0,GasA,Norm,9,3,Ex,1,880,Y,Ex,1848,2,437154
Lvl,2007.0,2,0,6,Ex,54,GasA,Norm,9,2,Ex,1,0,Y,Ex,1869,1,318061
Low,1986.0,1,1082,6,TA,80,GasA,Norm,7,2,Gd,1,0,Y,Gd,1453,1,190000
Lvl,1941.0,1,236,5,TA,0,GasA,Norm,5,1,TA,1,495,N,TA,616,0,95000
Lvl,2005.0,1,0,5,TA,0,GasA,Norm,6,2,TA,1,0,Y,TA,624,0,105900
Bnk,1940.0,1,388,6,TA,0,GasA,Norm,6,1,TA,1,403,Y,TA,940,2,140000
Lvl,1995.0,2,334,6,Gd,26,GasA,Norm,6,2,Gd,1,0,Y,Gd,1200,0,177500
Lvl,1992.0,2,560,6,TA,26,GasA,Norm,6,2,Gd,1,0,Y,Gd,1158,0,173000
Lvl,1976.0,1,874,6,TA,90,GasA,Norm,5,2,TA,1,0,Y,Gd,1142,1,134000
Lvl,1958.0,1,300,6,TA,0,GasA,Norm,5,1,Gd,1,0,Y,TA,1062,0,130000
Lvl,1998.0,2,956,7,Gd,75,GasA,Norm,8,2,Gd,1,838,Y,Gd,1086,1,280000
Lvl,1978.0,1,773,5,TA,0,GasA,Norm,6,2,TA,1,0,Y,Gd,888,1,156000
Lvl,1940.0,1,399,8,TA,0,GasA,Norm,5,1,TA,1,517,Y,TA,883,0,145000
Lvl,2003.0,3,0,7,Gd,0,GasA,Norm,7,2,Gd,1,1427,Y,TA,0,1,198500
Lvl,1972.0,1,162,5,TA,0,GasA,Norm,6,1,Gd,1,504,Y,TA,483,0,118000
Lvl,1976.0,2,712,6,TA,111,GasA,Norm,6,2,TA,1,784,Y,Gd,796,1,190000
Lvl,1964.0,1,456,6,TA,128,GasA,Norm,5,1,TA,1,672,Y,TA,672,0,147000
Lvl,1963.0,1,609,6,TA,76,GasA,Norm,6,2,TA,1,0,Y,Gd,1394,2,159000
Lvl,1962.0,1,371,6,TA,110,GasA,Norm,6,1,TA,1,0,Y,Gd,1099,1,165000
Lvl,1954.0,1,540,7,TA,98,GasA,Norm,5,1,TA,1,0,Y,TA,1268,1,132000
Lvl,1997.0,1,72,7,TA,17,GasA,Norm,5,2,Gd,1,0,Y,TA,1063,1,162000
Lvl,2000.0,2,0,7,TA,40,GasA,Norm,6,2,TA,1,711,Y,Gd,953,1,172400
Lvl,1991.0,2,0,7,TA,59,GasA,Norm,4,2,TA,1,468,Y,TA,0,1,134432
Lvl,1984.0,1,623,4,TA,0,GasA,Norm,6,1,TA,1,0,Y,Gd,744,0,125000
Lvl,1953.0,1,428,5,TA,0,GasA,Norm,5,1,TA,1,0,Y,TA,608,0,123000
Lvl,2003.0,2,0,8,Gd,48,GasA,Norm,7,2,Gd,1,1081,Y,Gd,847,1,219500
Low,2005.0,0,350,4,Fa,0,GasA,Norm,1,0,Fa,1,0,N,Fa,683,0,61000
Lvl,1998.0,1,298,5,Gd,0,GasA,Norm,5,2,TA,1,0,Y,Gd,870,0,148000
Lvl,2004.0,3,0,8,Gd,214,GasA,Norm,8,2,Gd,1,886,Y,Gd,1580,1,340000
Lvl,2010.0,1,1445,8,Gd,0,GasA,Norm,9,3,Ex,1,0,Y,Ex,1856,1,394432
Lvl,2000.0,2,0,7,TA,63,GasA,Norm,6,2,TA,1,793,Y,Gd,982,1,179000
Lvl,1924.0,2,218,6,TA,0,GasA,Norm,5,1,Gd,1,665,Y,TA,1026,1,127000
Lvl,2006.0,2,0,5,Gd,121,GasA,Norm,7,2,Gd,1,0,Y,Gd,1293,1,187750
Lvl,2006.0,2,0,8,Gd,53,GasA,Norm,7,2,Gd,1,858,Y,Gd,939,0,213500
Lvl,1950.0,1,0,5,TA,0,GasA,Norm,6,2,TA,1,0,N,Fa,784,0,76000
Low,1992.0,2,985,9,Gd,231,GasA,Norm,6,2,Gd,1,874,Y,Gd,1580,2,240000
Lvl,2004.0,2,24,6,Gd,20,GasA,Norm,8,2,Gd,1,0,Y,Gd,1256,1,192000
Lvl,2005.0,1,0,8,TA,151,GasA,Norm,5,0,TA,1,526,Y,TA,658,0,81000
Lvl,1977.0,1,631,6,TA,0,GasA,Norm,6,1,TA,1,0,Y,TA,1041,1,125000
Lvl,1999.0,2,0,6,Gd,25,GasA,Norm,7,2,Gd,1,0,Y,Gd,1468,0,191000
Lvl,2008.0,2,1280,9,Ex,134,GasA,Norm,10,3,Ex,1,590,Y,Ex,1682,1,426000
Lvl,1978.0,1,241,7,TA,130,GasA,Norm,5,1,TA,1,406,Y,TA,861,0,119000
Lvl,2001.0,2,690,7,TA,192,GasA,Norm,6,2,Gd,1,1157,Y,Ex,804,1,215000
Lvl,1959.0,1,0,5,TA,0,GasA,Norm,5,1,TA,1,0,Y,TA,0,0,106500
Lvl,2005.0,1,266,4,TA,0,GasA,Norm,4,0,TA,1,0,Y,TA,788,2,100000
Lvl,1940.0,1,0,5,TA,39,GasA,Norm,5,1,TA,1,299,Y,TA,735,0,109000
Lvl,1956.0,1,739,6,TA,0,GasA,Norm,5,1,TA,1,0,Y,TA,1144,0,129000
Low,1985.0,1,777,6,TA,0,GasA,Norm,5,2,TA,1,0,Y,TA,894,0,123000
Lvl,1962.0,2,540,8,TA,168,GasA,Norm,5,1,TA,1,936,Y,TA,864,1,169500
Lvl,1920.0,1,0,6,TA,0,GasA,Norm,5,1,TA,1,0,Y,Fa,961,0,67000
Lvl,2007.0,2,812,7,Gd,168,GasA,Norm,7,2,Gd,1,438,Y,Gd,1092,0,241000
Lvl,1996.0,1,786,4,Gd,30,GasA,Norm,8,2,Ex,1,0,Y,Gd,1260,2,245500
Lvl,2005.0,2,24,6,Gd,0,GasA,Norm,7,2,Gd,1,0,Y,Gd,1310,1,164990
Lvl,1940.0,1,0,4,TA,0,GasA,Norm,5,1,TA,1,0,Y,TA,672,0,108000
Lvl,1998.0,2,0,10,Gd,123,GasA,Norm,8,2,Gd,1,1098,Y,Gd,1141,1,258000
Lvl,1995.0,2,0,7,TA,40,GasA,Norm,6,2,TA,1,766,Y,Gd,806,1,168000
Lvl,1993.0,2,1116,8,TA,78,GasA,Norm,4,2,TA,1,0,Y,TA,1281,1,150000
Lvl,1936.0,1,0,6,TA,0,GasA,Norm,6,1,TA,1,0,Y,TA,1064,0,115000
Lvl,1960.0,2,0,8,TA,0,GasA,Norm,6,1,TA,1,840,Y,Gd,840,0,177000
Lvl,2006.0,2,0,9,Gd,62,GasA,Norm,7,3,Gd,1,1101,Y,Ex,1063,1,280000
Lvl,2008.0,2,789,8,Gd,102,GasA,Norm,8,3,Ex,1,1028,Y,Ex,1034,1,339750
Lvl,1958.0,1,0,5,TA,0,GasA,Norm,5,1,TA,1,0,Y,TA,1276,0,60000
Bnk,1955.0,1,1056,5,TA,0,GasA,Norm,5,2,TA,1,0,N,TA,1056,0,145000
Lvl,2009.0,2,578,7,Ex,144,GasA,Norm,7,2,Gd,1,0,Y,Ex,1470,1,222000
Lvl,1927.0,1,0,5,TA,0,GasA,Norm,5,2,TA,1,0,Y,TA,1008,1,115000
Lvl,1993.0,2,50,9,Gd,187,GasA,Norm,7,3,Gd,1,1017,Y,Gd,1080,1,228000
Lvl,2007.0,2,24,6,Gd,30,GasA,Norm,7,2,Gd,1,0,Y,Gd,1340,0,181134
Lvl,1978.0,1,209,6,TA,0,GasA,Norm,6,2,TA,1,728,Y,TA,672,1,149500
Lvl,1918.0,2,1128,10,TA,0,GasW,Norm,6,3,TA,1,1254,N,Gd,1370,1,239000
Lvl,1940.0,1,312,7,TA,0,GasA,Norm,5,1,TA,1,378,N,TA,756,0,126000
Lvl,1968.0,1,775,6,TA,85,GasA,Norm,5,1,TA,1,0,Y,TA,1056,1,142000
Lvl,1997.0,2,1309,8,TA,0,GasA,Norm,7,4,TA,2,0,Y,Gd,1344,0,206300
Lvl,1977.0,2,1246,8,Gd,0,GasA,Norm,6,2,Gd,1,0,Y,Gd,1602,1,215000
HLS,1954.0,1,0,4,TA,0,GasA,Norm,5,2,TA,1,0,Y,TA,988,0,113000
Lvl,1998.0,2,986,8,Gd,66,GasA,Norm,8,3,Gd,1,1160,Y,Gd,1470,1,315000
Lvl,1956.0,1,616,6,TA,44,GasA,Norm,6,1,TA,1,0,Y,Gd,1196,1,139000
HLS,1947.0,1,0,6,TA,0,GasA,Norm,7,1,TA,1,682,Y,TA,651,2,135000
Low,1989.0,2,1518,5,Gd,0,GasA,Norm,7,2,Gd,1,0,Y,Gd,1518,1,275000
Lvl,1964.0,1,288,5,TA,0,GasA,Norm,4,1,TA,1,0,Y,TA,907,0,109008
Lvl,2007.0,2,664,6,Gd,54,GasA,Norm,7,2,Gd,1,0,Y,Gd,1208,0,195400
Lvl,1988.0,2,1005,6,TA,0,GasA,Norm,6,2,Gd,1,0,Y,Gd,1392,1,175000
Lvl,1971.0,1,387,4,TA,0,GasA,Norm,6,1,TA,1,504,Y,TA,483,0,85400
Bnk,2005.0,1,0,7,TA,98,GasA,Norm,6,0,TA,1,110,Y,TA,901,0,79900
Lvl,1971.0,1,471,6,TA,36,GasA,Norm,5,2,TA,1,600,Y,TA,765,0,122500
Lvl,1997.0,2,0,7,TA,36,GasA,Norm,6,2,TA,1,678,Y,Gd,926,1,181000
Lvl,2005.0,1,495,3,TA,0,GasA,Norm,4,0,TA,1,0,Y,Gd,630,0,81000
Lvl,1996.0,2,385,6,Gd,61,GasA,Norm,7,2,Gd,1,834,Y,Gd,799,1,212000
Lvl,1990.0,1,0,6,TA,0,GasA,Norm,6,2,TA,1,384,Y,Fa,648,0,116000
Lvl,1926.0,1,0,4,Gd,0,GasA,Norm,6,1,TA,1,0,Y,TA,884,0,119000
Lvl,1990.0,1,365,4,TA,0,GasA,Norm,5,1,Gd,1,0,N,TA,440,1,90350
Lvl,2005.0,1,0,7,TA,46,GasA,Norm,6,2,Gd,1,512,Y,TA,684,0,110000
Lvl,2008.0,2,1767,10,Ex,72,GasA,Norm,10,3,Ex,1,0,Y,Ex,3094,2,555000
Lvl,2005.0,2,133,8,TA,0,GasA,Norm,4,0,Fa,2,0,N,TA,1440,0,118000
Lvl,1930.0,2,0,8,TA,0,GasA,Norm,5,2,TA,1,445,Y,TA,1078,1,162900
Lvl,2007.0,2,0,6,Gd,16,GasA,Norm,7,3,Gd,1,0,Y,Ex,1258,1,172500
Lvl,1994.0,2,642,8,Gd,133,GasA,Norm,7,2,Gd,1,975,Y,Gd,915,1,210000
Lvl,1956.0,1,0,7,TA,0,GasA,Norm,6,2,TA,1,0,Y,TA,1436,1,127500
Lvl,1966.0,2,247,6,Gd,0,GasA,Norm,6,2,Gd,1,0,Y,TA,1517,1,190000
Lvl,1998.0,2,0,10,Gd,0,GasA,Norm,7,2,Gd,1,930,Y,Gd,930,1,199900
Bnk,1937.0,2,0,7,TA,0,GasA,Norm,6,1,TA,1,596,Y,TA,780,1,119500
Lvl,1981.0,1,331,6,TA,176,GasA,Norm,3,1,TA,1,504,Y,TA,649,0,120000
Lvl,1932.0,1,0,5,TA,113,GasA,Norm,6,1,Gd,1,0,Y,TA,813,0,110000
Low,1975.0,2,655,5,TA,54,GasA,Norm,7,2,Gd,1,0,Y,Gd,1533,2,280000
Lvl,1996.0,2,742,7,Gd,122,GasA,Norm,6,2,TA,1,868,Y,Ex,872,0,204000
Lvl,2008.0,2,0,6,Gd,30,GasA,Norm,8,2,Gd,1,804,Y,Gd,768,0,210000
Lvl,1976.0,2,1606,8,TA,0,GasA,Norm,5,2,TA,2,0,Y,TA,1728,0,188000
Lvl,1973.0,1,916,6,TA,0,GasA,Norm,7,2,TA,1,0,Y,TA,1242,1,175500
Lvl,1916.0,1,0,7,TA,0,GasA,Norm,5,3,TA,1,720,N,TA,624,0,98000
Low,1954.0,1,1116,6,TA,137,GasA,Norm,4,2,Gd,1,0,Y,Gd,1364,2,256000
Lvl,1925.0,1,0,7,TA,63,GasA,Norm,8,1,Gd,1,833,Y,TA,588,1,161000
Bnk,1950.0,1,185,5,TA,0,GasA,Norm,5,1,Gd,1,224,Y,TA,709,1,110000
Lvl,2009.0,2,544,8,Gd,150,GasA,Norm,8,2,TA,1,1103,Y,Gd,832,0,263435
Lvl,1971.0,1,350,6,Gd,0,GasA,Norm,7,2,Gd,1,560,Y,Gd,560,0,155000
Lvl,1965.0,1,553,5,TA,0,GasA,Norm,5,1,TA,1,0,Y,TA,864,1,62383
HLS,1939.0,1,326,6,TA,0,GasA,Norm,6,1,TA,1,811,Y,TA,715,1,188700
HLS,2005.0,2,616,5,TA,0,GasA,Norm,5,0,TA,1,0,Y,Gd,1040,0,124000
Lvl,2004.0,2,0,6,Gd,20,GasA,Norm,7,2,Gd,1,0,Y,Gd,1375,1,178740
Lvl,1970.0,1,778,5,TA,0,GasA,Norm,7,2,TA,1,0,Y,TA,1277,1,167000
Lvl,1942.0,1,386,7,TA,0,GasA,Norm,5,1,Gd,1,756,Y,TA,728,2,146500
Lvl,2006.0,2,0,7,Gd,44,GasA,Norm,8,3,Gd,1,0,Y,Gd,1626,1,250000
Lvl,1993.0,2,426,7,Gd,70,GasA,Norm,6,2,Gd,1,878,Y,Gd,832,0,187000
Lvl,1985.0,1,368,4,Gd,54,GasA,Norm,8,2,Gd,1,0,Y,Gd,1488,0,212000
Lvl,1977.0,2,0,8,TA,0,GasA,Norm,7,2,TA,1,808,Y,Gd,808,1,190000
Lvl,2005.0,1,459,5,TA,28,GasA,Norm,6,2,TA,1,0,Y,Gd,547,0,148000
Lvl,2006.0,2,1350,7,Gd,63,GasA,Norm,8,3,Gd,1,0,Y,Ex,1976,1,440000
Lvl,2000.0,2,1196,6,Gd,48,GasA,Norm,8,2,Ex,1,0,Y,Gd,1494,0,251000
Lvl,1996.0,1,630,5,TA,24,GasA,Norm,5,2,TA,1,0,Y,TA,970,0,132500
Lvl,1997.0,2,994,7,TA,39,GasA,Norm,6,2,Gd,1,0,Y,Gd,1478,1,208900
Lvl,2006.0,2,0,9,Ex,84,GasA,Norm,9,3,Ex,1,574,Y,Gd,2153,1,380000
Lvl,2007.0,2,1288,7,Gd,44,GasA,Norm,8,3,Gd,1,0,Y,Ex,1705,1,297000
Bnk,1995.0,1,168,7,TA,72,GasA,Norm,4,2,TA,1,0,Y,Fa,907,0,89471
Lvl,2004.0,2,1261,8,Gd,112,GasA,Norm,9,3,Gd,1,0,Y,Ex,1833,1,326000
HLS,2003.0,2,1567,6,Gd,49,GasA,Norm,9,3,Ex,1,0,Y,Ex,1792,1,374000
Lvl,1915.0,1,299,7,Gd,0,GasA,Norm,7,1,Ex,1,910,Y,TA,910,1,155000
Lvl,1998.0,2,897,5,TA,125,GasA,Norm,6,2,TA,1,0,Y,Ex,1216,0,164000
Lvl,1963.0,1,588,6,TA,132,GasA,Norm,5,1,Gd,1,0,Y,TA,999,0,132500
Lvl,1950.0,1,607,5,Gd,80,GasA,Norm,5,1,Gd,1,0,Y,TA,1113,1,147000
Lvl,1965.0,1,836,6,TA,0,GasA,Norm,5,2,TA,1,0,Y,TA,1073,0,156000
Lvl,1971.0,2,998,7,TA,0,GasA,Norm,5,2,TA,1,0,Y,Gd,1484,1,175000
Lvl,1970.0,2,664,10,TA,0,GasA,Norm,5,2,TA,2,648,N,TA,954,1,160000
Lvl,1970.0,1,515,3,TA,0,GasA,Norm,4,1,Gd,1,0,Y,Gd,630,0,86000
Lvl,1976.0,1,0,4,TA,24,GasA,Norm,5,1,TA,1,688,Y,Gd,264,1,115000
Lvl,1941.0,1,403,5,TA,0,GasA,Norm,6,1,Fa,1,620,Y,TA,806,2,133000
Lvl,2006.0,2,0,8,Gd,0,GasA,Norm,6,2,TA,1,728,Y,Gd,728,0,172785
Lvl,1964.0,1,374,6,TA,0,GasA,Norm,5,1,TA,1,0,Y,TA,1269,1,155000
Lvl,1938.0,1,0,4,TA,20,GasA,Norm,5,1,TA,1,0,Y,Fa,190,0,91300
Lvl,2005.0,1,495,4,TA,523,GasA,Norm,4,0,TA,1,0,N,TA,720,0,34900
Lvl,1992.0,3,1231,10,Gd,75,GasA,Norm,8,2,Gd,1,0,Y,Gd,3200,1,430000
Lvl,1925.0,2,329,8,TA,100,GasA,Norm,7,1,TA,1,687,Y,TA,1026,0,184000
Lvl,1967.0,1,450,5,TA,0,GasA,Norm,5,1,Gd,1,0,Y,TA,864,0,130000
Lvl,1958.0,1,111,5,TA,285,GasA,Norm,5,1,TA,1,0,Y,TA,912,0,120000
Lvl,1973.0,1,356,7,TA,28,GasA,Norm,6,1,TA,1,546,Y,TA,672,0,113000
Lvl,2005.0,2,400,7,Gd,108,GasA,Norm,7,2,Gd,1,902,Y,Gd,866,0,226700
Lvl,1965.0,1,698,6,TA,0,GasA,Norm,5,2,TA,1,0,Y,TA,1214,0,140000
Lvl,1959.0,2,1247,6,TA,54,GasA,Norm,7,2,TA,1,0,Y,TA,1501,2,289000
Lvl,1974.0,2,257,6,TA,0,GasA,Norm,6,2,TA,1,467,Y,TA,855,1,147000
Lvl,1952.0,2,0,10,TA,0,GasA,Norm,5,2,TA,2,1000,Y,TA,960,0,124500
Lvl,1993.0,2,380,8,Gd,81,GasA,Norm,8,2,Gd,1,846,Y,Gd,777,1,215000
Lvl,2009.0,2,27,4,Gd,102,GasA,Norm,6,2,Gd,1,0,Y,Gd,1218,0,208300
Lvl,1928.0,2,141,7,TA,0,GasA,Norm,7,2,Gd,1,689,Y,TA,689,1,161000
Lvl,1959.0,1,991,6,TA,88,GasA,Norm,5,1,TA,1,0,Y,TA,1041,0,124500
Lvl,1951.0,1,650,6,Gd,42,GasA,Norm,5,1,TA,1,0,Y,TA,1008,2,164900
Lvl,2005.0,2,0,6,Gd,35,GasA,Norm,7,2,Gd,1,0,Y,Gd,1368,1,202665
Lvl,1964.0,1,521,5,TA,0,GasA,Norm,5,2,TA,1,0,Y,TA,864,0,129900
Bnk,1983.0,1,336,5,TA,0,GasA,Norm,6,2,TA,1,0,Y,TA,1084,0,134000
Lvl,1926.0,1,0,5,TA,0,Grav,Norm,5,1,TA,1,0,N,TA,768,0,96500
Lvl,2009.0,2,1436,9,Ex,54,GasA,Norm,10,3,Ex,1,0,Y,Ex,2006,1,402861
Lvl,1972.0,2,0,7,TA,104,GasA,Norm,6,2,TA,1,741,Y,TA,689,1,158000
Lvl,1996.0,2,0,7,Gd,0,GasA,Norm,7,3,Gd,1,1067,Y,Gd,1264,1,265000
Lvl,1998.0,2,706,7,TA,36,GasA,Norm,6,2,TA,1,914,Y,Gd,794,0,211000
Lvl,1926.0,1,0,9,Gd,0,GasA,Norm,7,1,Gd,1,804,Y,Gd,1276,2,234000
Lvl,2005.0,2,0,7,TA,114,GasA,Norm,4,0,TA,2,600,N,TA,0,0,106250
Lvl,1957.0,1,777,6,TA,40,GasA,Norm,6,1,TA,1,0,Y,TA,1244,2,150000
Lvl,1950.0,2,399,7,TA,24,GasA,Norm,6,2,TA,1,660,Y,TA,1004,2,159000
Bnk,2007.0,3,2260,11,Ex,406,GasA,PosN,10,3,Ex,1,1538,Y,Ex,3138,1,184750
Lvl,1996.0,2,719,8,Gd,60,GasA,Norm,7,3,Gd,1,1015,Y,Gd,1379,1,315750
Lvl,2005.0,2,0,6,Gd,144,GasA,Norm,7,2,Gd,1,0,Y,Gd,1257,1,176000
Lvl,1956.0,1,377,4,TA,0,GasA,Norm,5,1,TA,1,0,Y,Gd,928,0,132000
Lvl,2008.0,2,1330,11,Ex,66,GasA,Norm,9,3,Ex,1,1237,Y,Ex,1452,1,446261
Lvl,2005.0,1,348,5,TA,0,GasA,Norm,4,0,TA,1,0,Y,TA,528,0,86000
Lvl,1975.0,3,1219,9,Gd,0,GasA,Norm,6,2,TA,2,0,Y,TA,2035,2,200624
Lvl,1988.0,2,783,5,Gd,0,GasA,Norm,6,2,Gd,1,0,Y,Gd,1461,1,175000
Lvl,1920.0,2,0,6,TA,0,GasA,Feedr,6,2,TA,1,611,Y,Fa,611,0,128000
Lvl,1967.0,1,0,5,TA,0,GasA,Norm,5,1,TA,1,0,Y,TA,0,1,107500
Low,2005.0,1,0,2,Fa,0,GasA,Norm,1,0,Fa,1,0,N,TA,0,0,39300
Lvl,2004.0,2,0,6,Gd,35,GasA,Norm,8,2,Gd,1,707,Y,Ex,707,1,178000
Lvl,2005.0,1,969,5,TA,0,GasA,Norm,5,0,TA,1,527,Y,Gd,1117,0,107500
Lvl,1998.0,2,0,8,TA,155,GasA,Norm,7,2,Gd,1,844,Y,Gd,880,0,188000
Lvl,1980.0,1,600,5,TA,0,GasA,Norm,4,2,TA,1,0,Y,TA,864,0,111250
Lvl,1968.0,1,673,7,TA,0,GasA,Norm,5,1,TA,1,0,Y,TA,1051,1,158000
Lvl,2001.0,2,1358,6,Gd,0,GasA,Norm,8,2,Gd,1,0,Y,Gd,1581,1,272000
Lvl,2006.0,2,1260,8,Ex,68,GasA,Norm,9,3,Ex,1,0,Y,Ex,1838,1,315000
Lvl,2000.0,2,0,8,Gd,56,GasA,Norm,8,3,Gd,1,1288,Y,Gd,969,1,248000
Lvl,1998.0,2,144,7,Gd,73,GasA,Norm,7,2,Gd,1,0,Y,Ex,1650,1,213250
Lvl,1998.0,1,584,4,TA,40,GasA,Norm,7,1,TA,1,0,Y,Gd,723,0,133000
Lvl,2006.0,2,554,7,Gd,24,GasA,Norm,7,2,Gd,1,832,Y,Gd,654,1,179665
Lvl,1988.0,2,1002,9,Gd,0,GasA,Norm,7,3,Gd,1,806,Y,Gd,1204,0,229000
Bnk,1950.0,1,300,6,TA,38,GasA,Norm,6,2,TA,1,720,Y,Gd,1065,1,210000
Lvl,1987.0,1,619,5,TA,0,GasA,Norm,5,2,TA,1,0,Y,Gd,768,0,129500
HLS,1963.0,1,180,4,TA,50,GasA,RRNn,5,2,TA,1,0,Y,TA,825,0,125000
Lvl,2003.0,2,0,8,Gd,182,GasA,Norm,7,2,Gd,1,1182,Y,Gd,912,1,263000
Lvl,1977.0,2,559,4,TA,55,GasA,Norm,6,2,TA,1,0,Y,Gd,1069,0,140000
Lvl,1957.0,1,308,5,TA,0,GasA,Norm,5,1,TA,1,0,Y,TA,928,0,112500
Lvl,2006.0,2,0,7,Gd,39,GasA,Norm,8,3,Gd,1,0,Y,Ex,1709,1,255500
Lvl,2002.0,2,0,5,TA,96,GasA,Norm,4,2,Gd,1,0,Y,TA,0,0,108000
Lvl,2003.0,2,866,8,Gd,62,GasA,Norm,7,3,Gd,1,1040,Y,Gd,998,1,284000
Lvl,1922.0,1,0,5,TA,0,GasA,Norm,5,1,TA,1,0,Y,TA,993,1,113000
Lvl,1957.0,1,895,6,TA,0,GasA,Norm,5,1,TA,1,0,Y,TA,1092,1,141000
Low,1994.0,1,637,7,TA,47,GasA,Norm,4,1,TA,1,439,Y,TA,637,0,108000
HLS,1996.0,2,604,6,TA,22,GasA,Norm,7,2,TA,1,717,Y,Gd,729,1,175000
Lvl,2003.0,2,0,7,Gd,20,GasA,Norm,7,2,Gd,1,0,Y,Gd,1374,1,234000
Lvl,1957.0,1,1302,5,TA,0,GasA,Norm,5,2,TA,1,0,Y,Gd,1392,1,121500
Lvl,1975.0,1,1071,6,TA,38,GasA,Norm,5,2,TA,1,0,Y,Gd,1389,1,170000
Lvl,2005.0,1,290,6,TA,0,GasA,Norm,5,0,TA,1,0,Y,TA,996,1,108000
Lvl,1955.0,2,0,8,TA,36,GasA,Norm,6,2,TA,1,511,Y,Gd,1163,1,185000
Lvl,1992.0,2,728,9,Gd,40,GasA,Norm,7,2,Gd,1,1129,Y,Gd,1095,1,268000
Bnk,1920.0,1,0,6,TA,66,GasA,Norm,6,1,Fa,1,806,N,Gd,806,0,128000
Lvl,2005.0,2,0,11,Gd,39,GasA,Norm,9,3,Ex,1,1370,Y,Gd,1122,1,325000
Lvl,2004.0,2,2,7,Gd,0,GasA,Norm,7,2,Gd,1,0,Y,Gd,1517,0,214000
Low,1983.0,1,1441,5,Gd,40,GasA,Norm,8,2,Gd,1,636,Y,Gd,1496,1,316600
Lvl,1979.0,1,943,4,TA,0,GasA,Norm,5,2,TA,1,0,Y,Gd,943,2,135960
Lvl,1987.0,2,231,10,TA,0,GasA,Norm,5,2,TA,2,0,Y,TA,1728,0,142600
Lvl,1959.0,1,414,4,TA,0,GasA,Norm,6,1,Gd,1,0,Y,TA,864,0,120000
HLS,2009.0,2,0,6,TA,114,GasA,Norm,7,2,Gd,1,846,Y,Ex,846,0,224500
Lvl,2000.0,2,0,8,TA,0,GasA,Norm,7,2,TA,1,656,Y,Gd,384,1,170000
Lvl,1971.0,1,349,5,TA,0,GasA,Norm,5,1,TA,1,533,Y,TA,372,0,139000
Lvl,1947.0,1,442,6,TA,0,GasA,Norm,5,1,TA,1,384,Y,TA,832,0,118500
Lvl,1928.0,2,0,6,TA,50,GasA,Norm,7,1,TA,1,600,Y,TA,861,1,145000
Lvl,1966.0,1,328,6,TA,68,GasA,Norm,5,2,TA,1,0,Y,TA,1164,2,164500
Lvl,2007.0,2,0,5,Gd,102,GasA,Norm,7,2,Gd,1,689,Y,Gd,689,0,146000
Lvl,1954.0,2,0,7,TA,0,GasA,Norm,5,1,TA,1,745,N,TA,1050,0,131500
Lvl,1960.0,1,594,7,TA,110,GasA,Norm,6,2,Gd,1,0,Y,TA,1144,2,181900
Lvl,2009.0,2,0,8,Ex,90,GasA,Norm,8,3,Ex,1,0,Y,Ex,2042,1,253293
Lvl,2005.0,1,816,5,TA,32,GasA,Norm,6,0,TA,1,0,Y,Gd,816,0,118500
Lvl,1988.0,3,0,9,Ex,502,GasA,PosA,10,2,Gd,1,1254,Y,TA,1237,1,325000
Lvl,1935.0,1,0,6,TA,0,GasA,Norm,4,1,Gd,1,584,Y,TA,884,0,133000
Lvl,2005.0,2,1460,7,Gd,66,GasA,Norm,8,3,Gd,1,0,Y,Ex,1868,2,369900
Lvl,1961.0,1,210,5,TA,0,GasA,Norm,6,1,Fa,1,0,Y,TA,816,0,130000
Lvl,1996.0,1,672,4,TA,0,GasA,Norm,5,2,TA,1,0,Y,TA,840,0,137000
Low,1968.0,1,1324,5,TA,48,GasA,Norm,5,1,Ex,1,0,Y,TA,1437,2,143000
Lvl,1988.0,1,0,4,TA,0,GasA,Feedr,5,1,TA,1,0,Y,TA,742,0,79500
Lvl,2004.0,2,490,6,Gd,45,GasA,Norm,7,2,Gd,1,812,Y,Gd,770,0,185900
Lvl,2008.0,2,1338,10,Ex,274,GasA,Norm,10,3,Ex,1,568,Y,Ex,1722,1,451950
Lvl,1985.0,1,816,4,TA,0,GasA,Norm,5,2,TA,1,0,Y,TA,816,0,138000
Lvl,2003.0,1,685,4,Gd,0,GasA,Norm,6,2,Gd,1,0,Y,Gd,848,0,140000
Lvl,1981.0,1,0,5,TA,0,GasA,Norm,5,1,TA,1,0,Y,Gd,924,0,110000
Lvl,2005.0,2,1422,7,Gd,75,GasA,Norm,8,3,Gd,1,0,Y,Gd,1814,1,319000
Lvl,1930.0,1,0,7,TA,158,GasA,Norm,6,1,TA,1,684,N,TA,684,0,114504
Lvl,2006.0,0,0,7,Gd,16,GasA,Norm,7,3,Gd,1,0,Y,Ex,1258,1,194201
Bnk,1977.0,2,1283,7,TA,0,GasA,Norm,5,2,Gd,1,0,Y,Gd,1430,1,217500
Lvl,1980.0,2,81,6,TA,0,GasA,Norm,6,2,TA,1,840,Y,Gd,716,1,151000
Lvl,2003.0,2,546,8,Gd,60,GasA,Norm,8,2,Ex,1,846,Y,Gd,1058,1,275000
Bnk,1979.0,1,0,6,TA,162,GasA,Norm,6,1,Gd,1,595,Y,TA,780,1,141000
Lvl,1992.0,2,789,8,Gd,150,GasA,Norm,8,2,Gd,1,988,Y,Gd,908,1,220000
Lvl,2004.0,2,0,4,Gd,172,GasA,Norm,7,2,Gd,1,600,Y,Gd,600,0,151000
Lvl,2002.0,2,922,6,Gd,36,GasA,Norm,7,2,Gd,1,0,Y,Gd,1494,1,221000
Lvl,1965.0,2,454,7,TA,42,GasA,Norm,7,2,TA,1,800,Y,TA,768,3,205000
Low,2000.0,1,732,6,TA,0,GasA,Norm,5,2,Gd,1,0,Y,Gd,1040,0,152000
Bnk,1948.0,3,603,8,TA,0,GasA,Norm,5,1,Ex,1,896,Y,TA,896,0,225000
HLS,1934.0,2,428,10,TA,0,GasA,Norm,8,2,TA,1,1254,Y,Gd,965,2,359100
Lvl,1961.0,1,903,5,TA,0,GasA,Norm,4,1,TA,1,0,Y,TA,1029,0,118500
Lvl,2000.0,2,904,8,Gd,142,GasA,Norm,9,3,Ex,1,677,Y,Ex,1440,2,313000
Lvl,1978.0,2,605,6,TA,0,GasA,Norm,6,2,TA,1,0,Y,Gd,1032,1,148000
Lvl,2001.0,2,990,7,Gd,122,GasA,Norm,8,2,Ex,1,573,Y,Gd,1299,1,261500
Lvl,2005.0,1,206,6,TA,30,GasA,Norm,5,0,TA,1,0,Y,Gd,1120,0,147000
Lvl,2005.0,1,150,3,TA,24,GasA,Norm,4,0,TA,1,0,Y,Gd,630,0,75500
Lvl,1963.0,1,763,6,TA,0,GasA,Norm,6,2,Gd,1,0,Y,TA,936,0,137500
Lvl,2002.0,2,457,7,Gd,75,GasA,Norm,6,2,Gd,1,702,Y,Gd,783,1,183200
HLS,1962.0,1,0,4,TA,0,GasA,Norm,6,2,Gd,1,0,Y,TA,832,0,105500
Lvl,2007.0,2,48,9,Ex,108,GasA,Norm,9,3,Gd,1,0,Y,Ex,1822,1,314813
Lvl,2003.0,2,871,10,Gd,0,GasA,Norm,8,3,Gd,1,780,Y,Gd,1482,2,305000
Lvl,2005.0,1,41,5,TA,0,GasA,Norm,3,0,TA,1,0,N,TA,864,0,67000
Lvl,1974.0,2,956,9,TA,243,GasA,Norm,6,2,TA,1,1066,Y,TA,1522,1,240000
Lvl,1986.0,1,560,6,TA,0,GasA,Norm,5,2,TA,1,0,Y,TA,980,0,135000
Lvl,2000.0,2,420,4,Gd,32,GasA,Norm,6,2,Gd,1,756,Y,Gd,756,1,168500
Lvl,1972.0,1,247,8,TA,0,GasA,Norm,6,2,TA,1,778,Y,TA,732,1,165150
Lvl,1962.0,1,0,5,TA,0,GasA,Norm,6,2,TA,1,0,Y,TA,1116,0,160000
Lvl,1960.0,1,0,6,TA,0,GasA,Norm,5,1,TA,1,0,Y,TA,978,1,139900
Lvl,1955.0,1,674,7,TA,0,GasA,Norm,6,1,TA,1,0,Y,TA,1156,2,153000
HLS,1969.0,1,650,9,TA,0,GasA,Norm,5,2,Fa,1,1040,Y,Gd,1040,2,135000
Lvl,1964.0,1,624,6,TA,0,GasA,Norm,6,2,TA,1,0,Y,TA,1248,0,168500
Lvl,1937.0,1,0,8,TA,0,GasA,Norm,5,1,Ex,1,661,Y,Fa,636,0,124000
Lvl,2006.0,2,24,6,Gd,73,GasA,Norm,8,2,Gd,1,0,Y,Gd,1554,1,209500
Lvl,1977.0,2,822,6,TA,0,GasA,Norm,7,2,TA,1,0,Y,TA,1386,1,82500
Lvl,1954.0,1,480,6,TA,0,GasA,Norm,5,1,TA,1,0,Y,TA,1056,0,139400
Lvl,1980.0,0,1056,4,TA,56,GasA,Norm,6,2,TA,2,0,Y,TA,1056,0,144000
Bnk,2005.0,2,256,14,Fa,110,GasA,Norm,6,0,Fa,2,1440,Y,TA,1440,0,200000
Lvl,2005.0,1,0,4,Fa,0,Grav,Norm,2,0,Fa,1,0,N,TA,264,1,60000
Lvl,1954.0,2,0,7,TA,0,GasA,Norm,5,1,Gd,2,576,Y,TA,811,0,93000
Lvl,2005.0,1,0,4,TA,0,GasA,Norm,5,0,TA,1,0,Y,Fa,796,0,85000
Lvl,2006.0,2,1154,7,Gd,0,GasA,Norm,8,3,Ex,1,0,Y,Gd,1520,1,264561
Lvl,2003.0,1,1218,6,Ex,140,GasA,Norm,8,2,Ex,1,0,Y,Ex,1518,1,274000
Lvl,2001.0,2,738,7,Gd,235,GasA,Norm,7,2,Gd,1,872,Y,Gd,1057,1,226000
Lvl,1972.0,2,1410,9,Gd,111,GasA,Norm,8,2,Ex,1,704,Y,Gd,1952,3,345000
Lvl,1969.0,2,493,7,TA,0,GasA,Norm,5,2,TA,1,840,Y,TA,780,0,152000
Lvl,2009.0,2,1121,7,Ex,130,GasA,Norm,9,3,Ex,1,0,Y,Ex,1766,1,370878
Lvl,1979.0,1,282,5,TA,312,GasA,Norm,6,2,TA,1,0,Y,TA,981,0,143250
Lvl,1950.0,1,0,7,TA,27,GasA,Norm,5,2,TA,1,0,Y,TA,0,0,98300
Lvl,1953.0,1,500,5,TA,0,GasA,Norm,6,2,TA,1,0,Y,TA,1094,2,155000
Lvl,1966.0,1,0,7,TA,124,GasA,Norm,6,2,TA,1,788,Y,TA,756,1,155000
Lvl,2005.0,1,131,3,TA,0,GasA,Norm,4,0,TA,1,0,Y,Gd,630,0,84500
Lvl,2007.0,2,0,7,Gd,0,GasA,Norm,7,2,Gd,1,843,Y,Gd,813,0,205950
Lvl,1940.0,1,0,7,TA,0,GasA,Norm,4,1,TA,1,755,Y,TA,755,1,108000
Lvl,1996.0,2,0,7,Gd,120,GasA,Norm,7,2,Gd,1,807,Y,Gd,880,1,191000
Lvl,1906.0,1,0,7,TA,0,GasA,Norm,6,1,TA,1,713,Y,TA,756,0,135000
Lvl,1995.0,2,1696,7,Gd,46,GasA,Norm,8,3,Gd,1,0,Y,Gd,2109,1,350000
Lvl,1971.0,1,0,6,TA,0,GasA,Norm,6,1,TA,1,567,Y,TA,525,0,88000
Lvl,1959.0,1,806,5,Gd,0,GasA,Norm,5,1,Gd,1,0,Y,TA,1053,0,145500
HLS,1931.0,1,0,6,TA,0,GasA,Norm,7,1,TA,1,651,Y,Gd,776,1,149000
Lvl,1948.0,1,0,6,TA,0,GasA,Norm,6,1,TA,1,546,Y,TA,912,1,97500
Lvl,1968.0,1,637,7,TA,0,GasA,Norm,5,2,TA,1,0,Y,TA,1486,0,167000
Lvl,1976.0,2,0,7,TA,113,GasA,Norm,7,2,TA,1,793,Y,Gd,793,1,197900
Lvl,1994.0,2,1361,8,Gd,76,GasA,Norm,8,3,Gd,1,762,Y,Gd,1629,1,402000
Lvl,1968.0,1,0,5,TA,0,GasA,Norm,6,2,TA,1,0,Y,Fa,1392,2,110000
Lvl,1974.0,2,920,6,TA,0,GasA,Norm,4,2,TA,1,0,Y,Gd,1138,0,137500
Lvl,2005.0,1,1721,8,Gd,267,GasA,Norm,8,3,Ex,1,0,Y,Ex,2077,1,423000
Lvl,2000.0,2,0,7,Gd,124,GasA,Norm,8,2,Gd,1,482,Y,Gd,1406,1,230500
Lvl,1965.0,2,187,7,TA,265,GasA,Norm,6,2,TA,1,915,Y,Gd,1021,1,129000
Lvl,1994.0,2,1138,7,TA,42,GasA,Norm,6,2,Gd,1,0,Y,Gd,1408,1,193500
Bnk,1999.0,1,988,6,TA,0,GasA,Norm,5,2,TA,1,0,Y,TA,1188,1,168000
Lvl,1922.0,1,0,5,TA,0,GasA,Norm,4,1,Fa,1,0,Y,Fa,700,1,137500
Lvl,2005.0,2,193,7,Gd,35,GasA,Norm,6,2,Gd,1,738,Y,Gd,738,0,173500
Lvl,1930.0,2,551,6,TA,0,GasA,Norm,6,1,TA,1,672,N,TA,672,0,103600
Lvl,1977.0,1,767,6,Gd,42,GasA,Norm,6,2,TA,1,0,Y,Gd,1208,1,165000
Lvl,1957.0,2,1186,7,TA,87,GasA,Norm,6,2,Gd,1,0,Y,TA,1477,2,257500
Lvl,1965.0,1,892,5,TA,0,GasA,Norm,6,1,TA,1,0,Y,TA,1136,1,140000
Lvl,1978.0,2,311,7,TA,0,GasA,Norm,6,2,TA,1,586,Y,TA,855,1,148500
Lvl,1920.0,2,0,8,TA,0,GasW,Norm,4,3,TA,2,679,N,TA,1095,0,87000
Lvl,1924.0,1,0,5,Gd,0,GasA,Norm,5,1,Gd,1,0,Y,TA,768,0,109500
Lvl,2008.0,2,0,7,Gd,82,GasA,Norm,8,3,Gd,1,0,Y,Ex,2046,1,372500
Lvl,1963.0,1,827,5,TA,0,GasA,Norm,5,2,TA,1,0,Y,TA,988,0,128500
Lvl,1980.0,2,543,5,TA,0,GasA,Norm,6,1,TA,1,0,Y,Gd,923,1,143000
Bnk,1968.0,1,182,6,TA,0,GasA,Norm,5,1,TA,1,672,Y,TA,793,0,159434
HLS,1996.0,1,1003,6,TA,0,GasA,Norm,6,2,Gd,1,0,Y,Gd,1291,1,173000
Lvl,2002.0,2,1059,7,Gd,45,GasA,Norm,9,3,Gd,1,0,Y,Gd,1626,1,285000
Lvl,1998.0,2,0,7,Gd,81,GasA,Norm,7,2,TA,1,644,Y,Gd,1195,0,221000
Lvl,1984.0,2,828,6,Gd,0,GasA,Norm,7,2,Gd,1,900,Y,Gd,1190,1,207500
Lvl,2007.0,3,0,7,Gd,105,GasA,Norm,7,2,Gd,1,887,Y,Gd,874,0,227875
Lvl,2004.0,2,239,4,Gd,60,GasA,Norm,7,2,Gd,1,551,Y,Gd,551,0,148800
HLS,2007.0,2,945,7,Gd,0,GasA,Norm,8,2,Gd,1,0,Y,Gd,1419,1,392000
Lvl,2005.0,2,20,6,Gd,28,GasA,Norm,6,2,Gd,1,0,Y,Gd,1362,1,194700
Lvl,2004.0,1,697,3,Gd,0,GasA,Norm,6,2,Gd,1,0,Y,Gd,848,1,141000
Lvl,1994.0,3,1455,10,Ex,50,GasA,Norm,10,3,Ex,1,1872,Y,Ex,2444,2,755000
Lvl,1989.0,2,965,9,Gd,27,GasA,Norm,7,2,Gd,1,1281,Y,Gd,1210,2,335000
Lvl,1968.0,1,0,4,TA,0,GasA,Norm,5,1,TA,1,0,Y,TA,1073,0,108480
Lvl,1995.0,1,0,5,TA,0,GasA,Norm,5,2,TA,1,472,Y,TA,927,0,141500
Lvl,1987.0,2,980,5,TA,0,GasA,Norm,6,2,Gd,1,0,Y,Gd,1112,1,176000
Lvl,1921.0,1,616,4,TA,0,GasA,Norm,5,1,TA,1,0,Y,TA,616,0,89000
Lvl,1952.0,1,210,6,TA,0,GasA,Norm,5,1,TA,1,0,Y,Ex,980,0,123500
Lvl,1973.0,1,553,5,TA,144,GasA,Norm,5,1,TA,1,0,Y,TA,894,1,138500
Lvl,2004.0,2,16,5,Gd,158,GasA,Norm,7,2,Gd,1,0,Y,Gd,1391,0,196000
Lvl,2002.0,2,1274,7,Gd,78,GasA,Norm,8,3,Gd,1,0,Y,Ex,1800,1,312500
Lvl,1969.0,1,0,6,TA,0,GasA,Norm,7,2,TA,1,0,Y,TA,1164,0,140000
Lvl,2006.0,2,0,10,Ex,100,GasA,Norm,8,3,Ex,1,1312,Y,Ex,1234,1,361919
Lvl,1999.0,2,0,8,TA,0,GasA,Norm,5,2,Gd,2,780,Y,Gd,360,1,140000
Lvl,2004.0,2,712,7,Gd,35,GasA,Norm,7,2,Gd,1,0,Y,Gd,1473,0,213000
Lvl,2005.0,2,0,7,Fa,0,GasA,Norm,4,0,Fa,2,720,N,TA,0,0,55000
Low,1971.0,2,1219,5,TA,48,GasA,Norm,7,2,Gd,1,0,Y,Gd,1643,2,302000
Lvl,2006.0,2,863,6,Gd,38,GasA,Norm,8,2,Gd,1,0,Y,Gd,1324,1,254000
Lvl,2007.0,2,0,8,Gd,24,GasA,Norm,7,2,Gd,1,728,Y,Gd,728,1,179540
Lvl,1966.0,1,0,6,TA,0,GasA,Norm,5,1,TA,1,0,Y,TA,876,0,109900
Lvl,2005.0,1,0,5,Gd,0,GasA,Norm,3,0,TA,1,0,Y,TA,270,0,52000
HLS,1964.0,1,0,7,TA,0,GasA,Norm,4,1,TA,1,319,Y,TA,859,0,102776
HLS,1988.0,2,767,5,Gd,120,GasA,Norm,8,2,Gd,1,0,Y,Gd,1228,1,189000
Lvl,1970.0,1,789,6,TA,288,GasW,Norm,4,2,TA,1,0,N,TA,960,0,129000
Lvl,1976.0,2,533,6,Gd,44,GasA,Norm,6,2,Gd,1,754,Y,TA,725,0,130500
Lvl,1974.0,2,0,7,TA,0,GasA,Norm,6,2,TA,1,0,Y,Gd,1064,1,165000
Bnk,1996.0,1,0,8,TA,48,GasA,Norm,7,2,TA,1,978,Y,TA,718,0,159500
Lvl,1973.0,1,1084,5,TA,0,GasA,Norm,5,2,Gd,1,0,Y,Gd,1176,1,157000
Lvl,1993.0,2,1173,9,Gd,154,GasA,Norm,7,3,Gd,1,1093,Y,Gd,1311,1,341000
Lvl,1969.0,1,523,5,TA,0,GasA,Norm,5,1,TA,1,0,Y,Gd,971,1,128500
Low,1985.0,2,1148,5,Gd,28,GasA,Norm,8,2,Gd,1,0,Y,Gd,1742,1,275000
Lvl,2004.0,1,662,3,Gd,0,GasA,Norm,6,2,Gd,1,0,Y,Gd,848,0,143000
Lvl,1994.0,1,191,5,TA,0,GasA,Norm,4,2,TA,1,0,Y,TA,864,0,124500
Lvl,1958.0,2,0,7,TA,0,GasA,Norm,4,1,TA,1,473,Y,TA,941,0,135000
Lvl,2007.0,2,1234,8,Ex,64,GasA,Norm,9,3,Ex,1,0,Y,Ex,1698,1,320000
Lvl,1989.0,1,375,5,TA,0,GasA,Norm,4,2,Gd,1,0,Y,TA,864,0,120500
Lvl,1988.0,2,808,5,Gd,44,GasA,Norm,6,2,Gd,1,0,Y,Gd,880,1,222000
Lvl,2007.0,2,724,6,Gd,0,GasA,Norm,7,2,Gd,1,0,Y,Gd,1232,0,194500
Lvl,1968.0,2,0,9,TA,25,GasA,Norm,5,3,TA,2,0,Y,TA,1584,0,110000
Lvl,1962.0,1,152,5,TA,23,GasA,Norm,4,2,TA,1,0,Y,TA,780,0,103000
Lvl,1995.0,2,1180,5,Gd,152,GasA,Norm,8,2,Gd,1,0,Y,Gd,1595,1,236500
Lvl,2003.0,2,786,6,Gd,22,GasA,Norm,7,2,Gd,1,0,Y,Ex,868,1,187500
Lvl,1998.0,2,252,8,Gd,84,GasA,Norm,7,2,Gd,1,878,Y,Gd,1153,1,222500
Lvl,1961.0,1,594,6,TA,0,GasA,Norm,5,1,TA,1,0,Y,TA,864,1,131400
Lvl,1968.0,1,0,6,TA,0,GasA,Norm,5,1,TA,1,0,Y,TA,948,0,108000
Lvl,1914.0,1,390,6,TA,341,GasW,Norm,7,2,TA,1,888,N,Gd,880,2,163000
Lvl,1949.0,2,0,6,TA,0,GasA,Norm,3,2,TA,2,0,N,TA,0,0,93500
HLS,2005.0,2,0,8,Gd,116,GasA,Norm,8,3,Gd,1,900,Y,Gd,893,1,239900
Lvl,2005.0,3,1200,5,TA,0,GasA,Norm,5,0,TA,1,0,Y,Gd,1200,0,179000
Lvl,2004.0,2,0,7,Gd,56,GasA,Norm,7,2,Gd,1,864,Y,Gd,864,0,190000
Lvl,1910.0,2,0,7,TA,0,GasA,Norm,5,2,TA,1,664,Y,Fa,264,0,132000
Lvl,1962.0,1,832,5,TA,0,GasA,Norm,6,1,Gd,1,0,Y,TA,912,0,142000
Lvl,2000.0,2,0,6,TA,55,GasA,Norm,7,2,TA,1,0,Y,Gd,1349,0,179000
Lvl,1997.0,2,444,6,TA,0,GasA,Norm,5,2,TA,1,0,Y,Gd,520,1,175000
HLS,1993.0,2,733,5,Gd,0,GasA,Norm,8,2,Gd,1,0,Y,Gd,1337,1,180000
Lvl,1994.0,3,575,11,Ex,204,GasA,Norm,8,2,Gd,1,1540,Y,TA,1142,2,299800
Lvl,2000.0,2,300,8,Gd,54,GasA,Norm,7,2,Gd,1,1276,Y,Gd,952,1,236000
Lvl,1950.0,1,0,8,Gd,0,GasW,Norm,7,4,Gd,1,1320,N,TA,1240,1,265979
Lvl,1996.0,2,919,7,Gd,56,GasA,Norm,7,2,Gd,1,0,Y,Gd,1720,1,260400
Lvl,1945.0,2,0,9,TA,0,Wall,Norm,4,1,TA,1,441,N,TA,0,0,98000
Lvl,2005.0,1,0,7,TA,160,GasA,Norm,4,0,TA,1,348,Y,TA,576,0,96500
Lvl,2003.0,2,0,6,Gd,48,GasA,Norm,7,2,Gd,1,660,Y,Gd,660,0,162000
Lvl,1997.0,2,1200,6,TA,27,GasA,Norm,6,2,Gd,1,0,Y,Gd,1479,0,217000
Lvl,2005.0,2,0,8,Gd,52,GasA,Norm,8,3,Ex,1,1060,Y,Gd,1030,1,275500
Lvl,1969.0,1,439,5,TA,48,GasA,Norm,6,2,Gd,1,0,Y,TA,1026,0,156000
Lvl,1999.0,2,381,6,TA,24,GasA,Norm,6,2,TA,1,729,Y,Gd,729,0,172500
Lvl,2007.0,2,20,7,Gd,105,GasA,Norm,8,2,Gd,1,902,Y,Gd,866,0,212000
Lvl,1978.0,2,438,6,TA,0,GasA,Norm,6,2,TA,1,714,Y,TA,672,1,158900
Lvl,1999.0,2,549,6,TA,0,GasA,Norm,7,2,TA,1,744,Y,Gd,744,0,179400
Lvl,1995.0,2,56,9,Gd,98,GasA,Norm,8,3,Gd,1,1203,Y,Gd,1318,1,290000
Lvl,2008.0,1,612,5,TA,0,GasA,Norm,6,1,TA,1,0,Y,TA,864,0,127500
Lvl,1965.0,1,405,5,TA,0,GasA,Norm,5,2,Fa,1,0,Y,TA,1145,0,100000
Lvl,2009.0,2,24,7,TA,45,GasA,Norm,7,2,Gd,1,783,Y,Gd,756,0,215200
Lvl,1999.0,2,1163,8,Gd,128,GasA,Norm,8,3,Gd,1,1097,Y,Gd,1252,1,337000
Lvl,1995.0,1,437,6,Gd,30,GasA,Norm,8,2,Ex,1,0,Y,Gd,1494,1,270000
Lvl,2008.0,2,0,6,Gd,174,GasA,Norm,9,2,Ex,1,0,Y,Gd,1498,1,264132
Lvl,1988.0,2,394,7,TA,66,GasA,Norm,7,2,TA,1,734,Y,Gd,980,1,196500
Lvl,1989.0,2,660,7,TA,0,GasA,Norm,6,1,TA,1,767,Y,Gd,983,0,160000
Lvl,2004.0,2,24,8,Gd,33,GasA,Norm,7,2,Gd,1,0,Y,Gd,1860,1,216837
HLS,2003.0,3,1416,12,Ex,36,GasA,Norm,8,3,Ex,1,1589,Y,Gd,1650,1,538000
Lvl,1983.0,1,685,5,TA,0,GasA,Norm,5,2,TA,1,0,Y,Gd,858,0,134900
Lvl,1951.0,1,836,6,TA,0,GasA,Norm,4,2,TA,1,0,Y,Fa,836,0,102000
Lvl,1976.0,1,422,6,TA,0,GasA,Norm,6,2,TA,1,0,Y,TA,1029,1,107000
Lvl,1958.0,1,456,5,TA,0,GasA,Norm,5,1,TA,1,0,Y,TA,912,0,114500
Lvl,2006.0,2,0,9,Gd,45,GasA,Norm,8,3,Gd,1,0,Y,Gd,1935,1,395000
Lvl,1998.0,2,866,5,TA,247,GasA,Norm,6,2,TA,1,0,Y,Ex,1204,0,162000
Lvl,2005.0,2,20,7,Gd,59,GasA,Norm,7,3,Gd,1,0,Y,Gd,1614,0,221500
Lvl,1974.0,1,762,5,TA,0,GasA,Norm,5,2,TA,1,0,Y,TA,864,1,142500
Lvl,1977.0,2,0,10,TA,0,GasA,Norm,5,2,TA,2,0,Y,TA,0,2,144000
Lvl,1977.0,1,975,4,TA,0,GasA,Norm,6,2,TA,1,0,Y,Gd,975,0,135000
Lvl,1995.0,2,0,6,TA,21,GasA,Norm,7,2,TA,1,0,Y,Gd,1237,1,176000
Lvl,1992.0,2,387,7,Gd,124,GasA,Norm,6,2,Gd,1,793,Y,Gd,761,0,175900
Lvl,2001.0,2,0,6,Gd,33,GasA,Norm,7,2,Gd,1,0,Y,Gd,1413,0,187100
Lvl,1978.0,1,1097,4,TA,30,GasA,Norm,5,2,Gd,1,0,Y,Gd,1097,1,165500
Lvl,2005.0,2,0,9,TA,291,GasA,Norm,6,0,TA,1,742,Y,TA,742,1,128000
Lvl,1967.0,2,251,7,TA,0,GasA,Norm,6,2,TA,1,0,Y,TA,1372,1,161500
Lvl,1961.0,2,686,7,TA,0,GasA,Norm,5,1,TA,1,686,Y,Fa,686,0,139000
Lvl,2004.0,2,656,8,Gd,45,GasA,Norm,7,2,Gd,1,1128,Y,Gd,956,0,233000
Lvl,1954.0,1,0,4,TA,0,GasA,Norm,4,1,TA,1,0,Y,TA,901,0,107900
Low,1966.0,2,568,9,TA,168,GasA,Norm,6,2,Gd,1,1111,Y,TA,832,0,187500
Lvl,2005.0,2,16,5,Gd,16,GasA,Norm,7,2,Gd,1,0,Y,Gd,1145,1,160200
Lvl,1976.0,1,539,5,TA,0,GasA,Norm,6,2,TA,1,0,Y,Gd,1029,2,146800
Lvl,1997.0,2,862,8,Gd,130,GasA,Norm,7,2,TA,1,886,Y,Gd,1117,1,269790
Lvl,2007.0,2,0,7,Gd,130,GasA,Norm,8,2,Gd,1,0,Y,Gd,1496,0,225000
Lvl,1994.0,2,0,7,Gd,46,GasA,Norm,7,2,Gd,1,809,Y,Gd,712,1,194500
Lvl,1980.0,2,0,7,TA,50,GasA,Norm,6,2,TA,1,676,Y,Gd,650,1,171000
Lvl,1977.0,1,0,7,TA,0,GasA,Norm,6,2,TA,1,0,Y,TA,660,1,143500
Lvl,1953.0,1,570,4,TA,0,GasA,Norm,5,1,TA,1,0,Y,TA,773,0,110000
Lvl,2009.0,3,0,11,Ex,78,GasA,Norm,9,3,Ex,1,1174,Y,Ex,1926,2,485000
Lvl,1939.0,1,569,7,TA,0,GasA,Norm,5,1,Gd,1,787,Y,Gd,731,2,175000
HLS,1997.0,2,462,8,TA,114,GasA,Norm,6,2,Gd,1,1072,Y,Gd,616,0,200000
Lvl,1957.0,1,197,5,TA,0,GasA,Norm,4,2,TA,1,0,Y,TA,1196,0,109900
Lvl,2005.0,2,648,7,Gd,18,GasA,Norm,7,2,Gd,1,728,Y,Gd,728,1,189000
Lvl,2009.0,3,0,12,Ex,170,GasA,Norm,9,3,Ex,1,1088,Y,Ex,1734,1,582933
Lvl,1954.0,1,812,5,TA,0,GasA,Norm,5,1,TA,1,0,Y,TA,936,0,118000
Lvl,2008.0,2,0,6,Gd,60,GasA,Norm,7,2,Ex,1,0,Y,Gd,1417,0,227680
Lvl,1967.0,2,400,6,TA,0,GasA,Norm,5,1,TA,1,0,Y,TA,980,0,135500
Lvl,1923.0,1,1309,6,TA,312,GasA,Norm,5,2,Gd,1,504,Y,TA,1324,1,223500
Lvl,1966.0,1,516,6,TA,0,GasA,Norm,5,2,TA,1,0,Y,TA,1024,1,159950
Lvl,1910.0,2,0,11,TA,156,GasA,Norm,5,2,TA,3,1063,N,TA,849,0,106000
Lvl,1974.0,1,663,5,TA,0,GasA,Norm,6,2,Gd,1,0,Y,TA,1040,1,181000
Lvl,2004.0,1,662,4,Gd,0,GasA,Norm,6,2,Gd,1,0,Y,Gd,848,1,144500
Bnk,1952.0,1,0,4,Fa,0,GasA,Norm,5,2,Fa,1,0,N,TA,540,0,55993
Lvl,1958.0,1,608,7,TA,0,GasA,Norm,6,1,TA,1,0,Y,TA,1442,0,157900
Lvl,1955.0,1,0,7,TA,0,GasW,Norm,5,1,Fa,1,564,Y,TA,686,0,116000
Lvl,1998.0,2,0,6,TA,34,GasA,Norm,7,2,Gd,1,0,Y,Gd,1649,0,224900
Lvl,1954.0,1,486,4,TA,0,GasA,Norm,5,1,TA,1,0,Y,TA,1008,1,137000
Lvl,2002.0,2,1218,7,Gd,59,GasA,Norm,8,3,Gd,1,0,Y,Gd,1568,2,271000
Lvl,1971.0,1,504,6,TA,0,GasA,Norm,6,2,TA,1,0,Y,TA,1010,0,155000
Lvl,2010.0,2,733,6,Gd,35,GasA,Norm,7,2,Gd,1,0,Y,Gd,1358,1,224000
Lvl,2003.0,2,0,6,Gd,45,GasA,Norm,7,2,Gd,1,842,Y,Gd,798,0,183000
Bnk,1974.0,1,0,4,Fa,32,GasA,Norm,4,2,TA,1,0,N,Fa,936,0,93000
Lvl,2003.0,2,0,7,Gd,48,GasA,Norm,7,2,Gd,1,886,Y,Gd,847,1,225000
Lvl,1940.0,2,0,7,TA,0,GasA,Norm,6,1,TA,1,545,Y,TA,778,1,139500
Lvl,2006.0,2,0,7,Gd,140,GasA,Norm,8,2,Gd,1,0,Y,Gd,1489,1,232600
Lvl,2007.0,2,1636,7,Ex,45,GasA,PosN,10,3,Ex,1,0,Y,Ex,2078,1,385000
Lvl,2005.0,1,784,5,TA,0,GasA,Norm,5,0,Gd,1,0,Y,TA,784,0,109500
Lvl,2001.0,2,20,6,Gd,39,GasA,Norm,7,2,Gd,1,0,Y,Gd,1454,1,189000
Low,1967.0,2,249,7,TA,0,GasA,Norm,5,2,TA,1,966,Y,TA,1013,0,185000
Lvl,2005.0,2,0,4,Gd,166,GasA,Norm,7,2,Gd,1,623,Y,Gd,600,0,147400
Lvl,1957.0,1,1040,6,TA,0,GasA,Norm,6,2,TA,1,0,Y,TA,1392,2,166000
Lvl,2005.0,2,0,4,TA,166,GasA,Norm,7,2,Gd,1,600,Y,Gd,600,0,151000
Lvl,2003.0,2,483,7,Gd,39,GasA,Norm,7,2,Gd,1,888,Y,Gd,941,1,237000
Lvl,1964.0,1,196,6,TA,0,GasA,Norm,6,2,TA,1,0,Y,TA,1516,0,167000
Lvl,1961.0,1,572,6,TA,0,GasA,Norm,5,2,TA,1,0,Y,TA,1144,0,139950
Lvl,1996.0,2,442,4,TA,0,GasA,Norm,4,2,Gd,1,0,Y,Gd,1067,0,128000
Lvl,1948.0,1,338,5,TA,116,GasA,Norm,5,2,TA,1,0,Y,TA,1559,0,153500
Lvl,1973.0,1,330,5,TA,0,GasA,Norm,6,1,TA,1,504,Y,TA,483,0,100000
Lvl,1999.0,1,0,6,TA,0,GasA,Norm,5,1,Gd,1,0,Y,Gd,1099,0,144000
Lvl,1946.0,1,352,6,TA,0,GasA,Norm,5,1,TA,1,432,Y,TA,768,0,130500
Lvl,1934.0,2,156,7,TA,0,GasA,Norm,6,1,Fa,1,672,N,TA,672,0,140000
Lvl,1983.0,2,0,8,TA,78,GasA,Norm,5,2,Gd,1,581,Y,TA,650,1,157500
Lvl,1966.0,1,312,6,TA,129,GasA,Norm,6,2,TA,1,0,Y,TA,1127,0,174900
Lvl,2005.0,2,0,10,TA,0,GasA,Norm,5,0,TA,2,0,N,TA,1800,0,141000
Lvl,1949.0,1,0,7,TA,0,GasA,Norm,5,3,TA,1,540,Y,TA,876,1,153900
Lvl,1975.0,2,1390,6,TA,0,GasA,Norm,5,2,TA,1,0,Y,Gd,1390,2,171000
Lvl,1993.0,2,513,7,Gd,72,GasA,Norm,7,2,Gd,1,769,Y,Gd,740,1,213000
Lvl,1972.0,1,460,5,TA,0,GasA,Norm,5,1,TA,1,0,Y,TA,864,1,133500
Bnk,1908.0,3,0,10,TA,40,GasA,Norm,6,2,TA,1,1051,Y,TA,907,1,240000
Lvl,1976.0,2,0,7,Gd,100,GasA,Norm,6,2,TA,1,761,Y,TA,528,1,187000
Lvl,2003.0,1,659,3,Gd,0,GasA,Norm,6,2,Gd,1,0,Y,Gd,848,0,131500
Lvl,2003.0,2,0,7,Gd,20,GasA,Norm,8,2,Gd,1,0,Y,Gd,1273,1,215000
Lvl,1941.0,2,364,7,TA,0,GasA,Norm,7,1,TA,1,728,Y,TA,918,2,164000
Lvl,1964.0,1,564,7,TA,0,GasA,Norm,6,2,TA,1,0,Y,TA,1127,1,158000
Lvl,1955.0,1,306,6,TA,418,GasA,Norm,5,2,TA,1,0,Y,TA,1763,1,170000
Lvl,1962.0,1,659,6,TA,104,GasA,Norm,5,1,TA,1,0,Y,TA,1040,0,127000
Low,1981.0,1,505,5,TA,0,GasA,Norm,6,2,TA,1,0,Y,Gd,940,0,147000
Lvl,1994.0,2,0,6,TA,36,GasA,Norm,6,2,TA,1,779,Y,Gd,702,1,174000
Lvl,1976.0,2,0,6,TA,0,GasA,Norm,7,2,TA,1,0,Y,Gd,1090,1,152000
Lvl,1968.0,2,619,9,TA,65,GasA,Norm,6,2,Gd,1,1142,Y,TA,1054,1,250000
Lvl,1925.0,1,0,7,Gd,240,GasA,Norm,7,1,Gd,1,514,Y,TA,912,1,189950
Lvl,1965.0,1,841,6,TA,0,GasA,Norm,5,2,TA,1,0,Y,TA,1039,0,131500
Lvl,1986.0,2,338,6,TA,0,GasA,Norm,6,2,TA,1,0,Y,Gd,1040,0,152000
Lvl,1959.0,1,1148,6,TA,0,GasA,Norm,5,1,TA,1,0,Y,TA,1148,0,132500
Lvl,2008.0,2,0,6,Gd,140,GasA,Norm,7,2,Gd,1,0,Y,Ex,1372,0,250580
Lvl,1973.0,1,828,5,TA,0,GasA,Norm,5,2,TA,1,0,Y,TA,1002,0,148500
HLS,2007.0,2,0,6,Gd,80,GasA,Norm,8,3,Gd,1,0,Y,Gd,1638,1,248900
Lvl,1961.0,1,932,5,TA,0,GasA,Norm,4,2,Fa,1,0,Y,TA,1040,0,129000
Lvl,1979.0,2,0,7,TA,144,GasA,Norm,5,2,TA,1,720,Y,TA,0,1,169000
Lvl,1993.0,2,750,8,Gd,90,GasA,Norm,7,2,Gd,1,887,Y,Gd,1050,1,236000
Lvl,1962.0,1,0,5,TA,0,GasA,Norm,5,1,TA,1,0,N,TA,894,0,109500
Lvl,1998.0,2,505,7,TA,77,GasA,Norm,6,2,Gd,1,878,Y,Gd,804,0,200500
Lvl,1953.0,1,0,5,Gd,0,GasA,Norm,5,2,Gd,1,0,Y,TA,105,0,116000
Lvl,1949.0,1,375,6,Gd,28,GasA,Norm,5,1,TA,1,0,Y,TA,832,1,133000
Lvl,1941.0,1,0,5,TA,0,GasA,Norm,5,1,TA,1,455,Y,TA,676,0,66500
Lvl,2007.0,2,64,11,Gd,364,GasA,Norm,8,2,Ex,1,1426,Y,Gd,1184,1,303477
HLS,1963.0,1,633,5,TA,0,GasA,Norm,4,2,TA,1,0,Y,TA,1064,0,132250
Lvl,2004.0,2,1170,10,Gd,0,GasA,Norm,9,3,Ex,1,762,Y,Ex,1462,1,350000
Lvl,1987.0,1,899,6,TA,0,GasA,Norm,5,2,Gd,1,0,Y,TA,1109,0,148000
Lvl,1978.0,1,646,6,Gd,0,GasA,Norm,5,1,TA,1,0,Y,TA,864,0,136500
Lvl,2005.0,1,980,5,TA,49,GasA,Norm,5,2,TA,1,0,Y,Ex,1090,0,157000
Lvl,1990.0,2,902,7,Gd,36,GasA,Norm,7,2,Gd,1,530,Y,Gd,1156,1,187500
Lvl,1993.0,2,0,7,TA,40,GasA,Norm,6,2,TA,1,785,Y,Gd,808,1,178000
Bnk,1997.0,1,0,10,Gd,188,GasA,Norm,4,1,TA,1,795,N,TA,795,0,118500
Lvl,1967.0,1,432,5,TA,0,GasA,Norm,5,1,TA,1,0,Y,TA,892,0,100000
Lvl,1999.0,2,1238,5,Gd,65,GasA,Norm,9,2,Gd,1,0,Y,Ex,1698,1,328900
Lvl,2005.0,2,528,8,TA,54,GasA,Norm,5,2,TA,2,0,Y,TA,1626,0,145000
Lvl,1955.0,1,0,8,TA,0,GasA,Norm,5,1,TA,1,521,Y,TA,816,0,135500
Lvl,1970.0,2,351,8,Gd,207,GasA,Norm,8,2,Gd,1,0,Y,TA,2217,1,268000
Lvl,1953.0,1,1024,6,TA,0,GasA,Norm,6,2,TA,1,0,Y,TA,1505,1,149500
Lvl,2003.0,1,0,6,TA,0,GasA,Norm,5,2,TA,1,252,Y,TA,672,1,122900
Lvl,1978.0,2,226,7,TA,0,GasA,Norm,6,2,TA,1,765,Y,TA,918,1,172500
Lvl,1963.0,1,663,6,TA,0,GasA,Norm,6,1,TA,1,0,Y,TA,1059,0,154500
Lvl,1954.0,1,1064,6,TA,116,GasA,Norm,5,1,TA,1,0,Y,Gd,1383,1,165000
Bnk,1979.0,2,0,8,TA,0,GasA,Norm,5,2,TA,2,0,Y,TA,0,0,118858
Lvl,1963.0,1,400,8,TA,50,GasA,Norm,6,2,TA,1,813,Y,TA,780,1,140000
Lvl,1936.0,1,285,6,TA,28,GasA,Norm,4,1,TA,1,0,N,TA,951,0,106500
Lvl,1979.0,2,0,12,TA,0,GasA,Norm,5,2,TA,2,1120,Y,TA,0,0,142953
Lvl,2009.0,2,2188,11,Ex,67,GasA,Norm,9,3,Ex,1,0,Y,Ex,2330,2,611657
Lvl,1961.0,1,465,6,TA,0,GasA,Norm,5,1,TA,1,0,Y,TA,912,1,135000
Lvl,1979.0,1,322,4,TA,0,GasA,Norm,4,1,TA,1,0,Y,TA,858,0,110000
Lvl,1968.0,1,860,5,TA,0,GasA,Norm,5,1,TA,1,0,Y,TA,992,0,153000
Lvl,2003.0,2,0,8,Gd,75,GasA,Norm,7,2,Gd,1,702,Y,Gd,783,1,180000
HLS,2006.0,2,0,7,Gd,60,GasA,Norm,7,3,Gd,1,0,Y,Gd,1670,1,240000
Lvl,1967.0,1,599,6,TA,0,GasA,Norm,5,1,TA,1,0,Y,TA,876,0,125500
Lvl,1954.0,1,354,6,TA,0,GasA,Norm,5,1,TA,1,0,Y,TA,1056,0,128000
Lvl,2006.0,2,63,8,Gd,60,GasA,Norm,8,3,Gd,1,0,Y,Gd,1623,1,255000
Lvl,1936.0,1,223,6,Gd,0,GasA,Norm,7,1,Gd,1,1037,Y,Gd,1017,1,250000
Low,1983.0,1,301,5,TA,0,GasA,Norm,5,2,TA,1,0,Y,Gd,864,0,131000
Lvl,2005.0,2,0,8,Gd,24,GasA,Norm,6,2,Gd,1,742,Y,Gd,742,1,174000
Lvl,1960.0,2,443,12,TA,0,GasA,Norm,5,2,TA,2,1169,Y,TA,1105,0,154300
Lvl,1978.0,1,196,5,TA,0,GasA,Norm,5,1,Gd,1,0,Y,Gd,1268,0,143500
Lvl,1925.0,1,489,6,TA,0,GasA,Norm,5,1,TA,1,0,N,TA,768,0,88000
HLS,1949.0,2,284,8,TA,0,GasA,Norm,5,3,TA,2,1001,N,TA,1001,0,145000
Lvl,2009.0,2,294,4,Gd,234,GasA,Norm,6,2,Gd,1,612,Y,Gd,612,0,173733
Lvl,1970.0,1,0,6,TA,0,GasA,Norm,4,1,TA,1,546,Y,TA,546,0,75000
Lvl,1958.0,0,50,4,TA,0,GasA,Norm,2,1,TA,1,0,N,TA,480,0,35311
Lvl,1956.0,1,1059,6,TA,0,GasA,Norm,4,1,TA,1,0,Y,TA,1134,0,135000
Lvl,1991.0,2,48,8,Gd,192,GasA,Norm,7,3,Gd,1,1215,Y,Ex,1104,1,238000
Lvl,1990.0,1,528,6,Ex,51,GasA,Norm,6,2,TA,1,0,Y,Gd,1184,1,176500
Lvl,1994.0,2,814,7,Gd,87,GasA,Norm,6,2,Gd,1,785,Y,Gd,928,0,201000
Lvl,2005.0,2,1084,9,TA,70,GasA,Norm,5,0,TA,2,928,Y,TA,1272,0,145900
Lvl,2005.0,2,28,6,Gd,0,GasA,Norm,6,2,Gd,1,0,Y,Gd,1316,1,169990
Lvl,1993.0,2,165,5,Gd,69,GasA,Norm,6,2,Gd,1,0,Y,Gd,1604,1,193000
Lvl,1980.0,2,625,7,TA,131,GasA,Norm,6,2,TA,1,0,Y,Gd,1686,1,207500
Lvl,1977.0,2,767,6,TA,0,GasA,Norm,5,2,Ex,1,0,Y,Gd,1126,0,175000
Lvl,2003.0,2,0,10,Gd,100,GasA,Norm,8,3,Ex,1,1140,Y,Gd,1181,1,285000
Lvl,1968.0,2,552,9,TA,43,GasA,Norm,7,2,TA,1,880,Y,TA,832,1,176000
Lvl,2001.0,2,0,7,Gd,151,GasA,Norm,8,2,Ex,1,0,Y,Gd,1753,1,236500
Lvl,1997.0,2,0,8,TA,0,GasA,Norm,7,2,Gd,1,1243,Y,Gd,964,1,222000
HLS,2007.0,2,16,7,Gd,18,GasA,Norm,8,3,Gd,1,0,Y,Gd,1466,0,201000
Lvl,1965.0,1,338,5,TA,0,GasA,Norm,5,1,TA,1,0,Y,TA,925,0,117500
Lvl,2006.0,2,0,8,Ex,191,GasA,Norm,9,3,Ex,1,0,Y,Ex,1905,1,320000
Lvl,2004.0,2,20,6,Gd,36,GasA,Norm,7,2,Gd,1,0,Y,Gd,1500,0,190000
HLS,1960.0,2,425,9,TA,0,GasA,Norm,7,2,Gd,1,0,Y,Gd,585,1,242000
Lvl,1953.0,1,0,5,TA,0,GasA,Norm,4,2,TA,1,0,Y,Fa,600,0,79900
Lvl,2003.0,2,833,5,Gd,41,GasA,Norm,7,2,Gd,1,0,Y,Gd,1176,0,184900
Lvl,2005.0,2,341,8,Gd,48,GasA,Norm,7,2,Gd,1,858,Y,Gd,1113,1,253000
Lvl,2006.0,2,464,7,Gd,90,GasA,Norm,7,3,Gd,1,571,Y,Gd,1391,0,239799
Lvl,1940.0,2,0,10,TA,0,GasA,Norm,7,1,TA,1,1196,Y,TA,1032,2,244400
Lvl,1976.0,2,936,8,TA,0,GasA,Norm,6,2,TA,2,0,Y,TA,1728,0,150900
Lvl,1999.0,2,772,8,Gd,0,GasA,Norm,7,2,Gd,1,1038,Y,Gd,992,1,214000
Lvl,2005.0,2,1440,8,TA,0,GasA,Norm,4,0,TA,2,0,Y,Gd,1440,0,150000
Low,1967.0,2,0,8,TA,0,GasA,Norm,5,2,TA,2,0,Y,TA,1632,0,143000
Lvl,1958.0,1,111,7,TA,118,GasA,Norm,6,2,Gd,1,0,Y,TA,819,1,137500
Lvl,1963.0,1,1088,7,TA,0,GasA,Norm,5,2,TA,1,561,Y,TA,1088,0,124900
Lvl,1959.0,1,748,6,TA,0,GasA,Norm,5,1,TA,1,0,Y,TA,1144,1,143000
Lvl,2002.0,2,1300,9,Gd,252,GasA,Norm,8,3,Gd,1,0,Y,Gd,1616,1,270000
Lvl,2002.0,2,0,7,Gd,96,GasA,Norm,7,2,Gd,1,840,Y,Gd,936,1,192500
Lvl,1972.0,1,982,5,TA,0,GasA,Norm,6,2,Gd,1,0,Y,TA,1161,1,197500
Lvl,1980.0,1,398,5,TA,0,GasA,Norm,5,2,Gd,1,0,Y,TA,864,0,129000
Lvl,1979.0,1,641,6,TA,0,GasA,Norm,5,1,TA,1,0,Y,TA,828,0,119900
Lvl,1974.0,1,660,5,TA,0,GasA,Norm,5,1,TA,1,0,Y,Gd,768,0,133900
Lvl,1969.0,2,562,7,TA,189,GasA,Norm,5,2,TA,1,800,Y,TA,784,1,172000
Lvl,2005.0,2,945,4,TA,0,GasA,Norm,6,0,TA,0,0,Y,Gd,945,0,127500
HLS,1946.0,2,484,8,TA,0,GasA,Norm,6,2,TA,2,979,N,Gd,979,0,145000
Lvl,1980.0,1,285,5,TA,0,GasA,Norm,6,2,TA,1,668,Y,Gd,561,1,124000
Lvl,1977.0,1,417,6,TA,0,GasA,Norm,5,2,TA,1,0,Y,TA,1057,0,132000
Lvl,2003.0,2,699,6,Gd,39,GasA,Norm,7,2,Gd,1,0,Y,Gd,1337,0,185000
Lvl,1999.0,2,604,6,Gd,44,GasA,Norm,7,2,Gd,1,720,Y,Gd,696,0,155000
Lvl,2005.0,1,696,4,TA,0,GasA,Norm,5,0,TA,1,0,Y,TA,858,0,116500
Lvl,1977.0,2,896,11,TA,282,GasA,Norm,6,2,TA,1,1330,Y,Gd,1330,1,272000
Lvl,1976.0,2,556,7,TA,0,GasA,Norm,6,2,Gd,1,744,Y,Gd,804,1,155000
Lvl,2007.0,2,0,7,Gd,136,GasA,Norm,9,2,Ex,1,0,Y,Ex,1800,0,239000
Lvl,2002.0,2,624,8,Gd,40,GasA,Norm,7,2,Gd,1,1070,Y,Gd,817,1,214900
Lvl,2005.0,2,0,8,Gd,72,GasA,Norm,6,2,Gd,1,701,Y,Gd,783,1,178900
HLS,1940.0,1,428,7,Gd,70,GasA,Norm,5,1,TA,1,332,Y,TA,728,2,160000
Lvl,1955.0,1,902,6,TA,0,GasA,Norm,5,1,TA,1,0,Y,TA,1098,0,135000
Lvl,2005.0,1,0,6,TA,0,Grav,Norm,3,0,TA,1,368,N,TA,600,0,37900
Lvl,1958.0,1,513,6,TA,0,GasA,Norm,6,1,TA,1,0,Y,TA,588,0,140000
Lvl,2005.0,1,0,6,TA,0,GasA,Norm,4,0,TA,1,472,N,TA,720,0,135000
Lvl,2003.0,2,567,6,Gd,27,GasA,Norm,7,2,Gd,1,862,Y,Gd,764,0,173000
Lvl,1979.0,2,0,5,TA,0,GasA,Norm,6,1,TA,1,0,Y,Gd,918,1,99500
Lvl,2007.0,2,0,6,Gd,120,GasA,Norm,7,2,Gd,1,0,Y,Gd,1428,0,182000
Lvl,1997.0,1,0,8,TA,135,GasA,Feedr,7,2,Gd,1,883,N,Gd,728,0,167500
Lvl,2000.0,2,641,6,Gd,50,GasA,Norm,7,2,Gd,1,709,Y,Gd,673,0,165000
Bnk,2005.0,1,0,4,TA,0,GasA,Norm,4,0,Fa,1,0,Y,Gd,440,0,85500
Lvl,2007.0,1,1106,4,Gd,116,GasA,Norm,7,2,Gd,1,0,Y,Gd,1241,0,199900
Bnk,1999.0,1,552,5,TA,0,GasA,Norm,4,2,TA,1,0,Y,TA,894,0,110000
Lvl,1963.0,1,651,5,TA,80,GasA,Norm,5,2,TA,1,0,Y,TA,1121,0,139000
Lvl,1961.0,1,867,6,Ex,76,GasA,Norm,7,2,Ex,1,0,Y,TA,944,0,178400
Lvl,1998.0,2,854,8,Gd,0,GasA,Norm,8,3,Gd,1,1336,Y,Gd,1225,1,336000
Lvl,2007.0,2,0,6,Gd,16,GasA,Norm,7,2,Gd,1,0,Y,Gd,1266,1,159895
Lvl,2002.0,2,0,9,Gd,0,GasA,Norm,8,2,Gd,1,1141,Y,Gd,1128,1,255900
Lvl,1977.0,2,0,8,TA,0,GasA,Norm,5,2,Gd,2,432,Y,TA,0,0,126000
Lvl,1950.0,1,1040,5,TA,48,GasW,Norm,5,1,TA,1,0,N,TA,1164,0,125000
Lvl,1950.0,1,0,5,TA,0,GasA,Norm,6,1,Gd,1,634,Y,TA,485,0,117000
Lvl,2010.0,2,1646,8,Ex,95,GasA,Norm,9,3,Ex,1,0,Y,Ex,1930,1,395192
Lvl,1976.0,2,156,8,TA,224,GasA,Norm,6,2,Gd,1,912,Y,TA,848,1,195000
Lvl,2006.0,2,0,6,Gd,50,GasA,Norm,7,2,Gd,1,798,Y,Gd,770,0,197000
Lvl,1997.0,2,1074,7,Gd,70,GasA,Norm,8,3,Gd,1,985,Y,Gd,1396,1,348000
Lvl,1925.0,1,216,8,Gd,169,GasA,Norm,8,2,Gd,1,826,Y,TA,916,1,168000
Lvl,1964.0,2,536,7,TA,42,GasA,Norm,6,2,Gd,1,831,Y,TA,822,1,187000
Lvl,2005.0,2,0,6,TA,35,GasA,Norm,6,2,Gd,1,750,Y,Gd,750,0,173900
Lvl,2008.0,2,1172,7,Ex,48,GasA,Norm,10,3,Ex,1,0,Y,Ex,1700,1,337500
Lvl,1946.0,1,384,5,TA,57,GasA,Norm,4,1,TA,1,456,Y,TA,747,0,121600
Lvl,1961.0,1,915,6,TA,319,GasA,Norm,5,1,TA,1,0,Y,TA,1050,0,136500
Lvl,1970.0,2,0,6,TA,0,GasA,Norm,6,2,TA,1,0,Y,TA,1442,1,185000
Lvl,1922.0,1,0,6,TA,100,GasA,Norm,3,1,TA,1,0,N,TA,1007,1,91000
Lvl,2006.0,2,686,6,Gd,61,GasA,Norm,7,2,Gd,1,0,Y,Gd,1187,0,206000
Lvl,1956.0,1,0,4,TA,0,GasW,Norm,3,2,Fa,1,0,N,TA,0,0,82000
Lvl,1920.0,1,0,4,TA,20,GasA,Norm,5,1,Ex,1,0,Y,Fa,691,0,86000
Lvl,2006.0,2,24,7,Gd,104,GasA,Norm,8,3,Gd,1,0,Y,Gd,1574,1,232000
Lvl,1976.0,2,0,8,TA,0,GasA,RRAn,5,2,TA,2,0,Y,TA,1680,0,136905
Lvl,2005.0,2,16,7,Gd,0,GasA,Norm,7,2,Gd,1,0,Y,Gd,1346,1,181000
Lvl,1977.0,2,595,6,Gd,0,GasA,Norm,5,1,TA,1,0,Y,Gd,985,0,149900
Lvl,1970.0,2,1237,7,TA,0,GasA,Norm,6,2,TA,1,0,Y,Gd,1657,1,163500
Lvl,1970.0,1,273,6,TA,0,GasA,Norm,4,1,TA,1,546,Y,TA,546,0,88000
Lvl,2004.0,2,0,7,Gd,48,GasA,Norm,7,2,Gd,1,0,Y,Ex,1710,1,240000
Lvl,2005.0,2,0,7,TA,0,GasA,Norm,5,0,TA,1,0,Y,TA,1008,0,102000
Lvl,1948.0,2,0,7,TA,0,GasA,Norm,5,1,TA,1,551,Y,TA,720,1,135000
Lvl,2005.0,2,0,8,TA,0,GasA,Norm,5,0,TA,2,0,N,TA,0,0,100000
Lvl,1923.0,1,0,7,TA,0,GasA,Norm,6,1,Gd,1,602,Y,TA,602,2,165000
Lvl,1956.0,1,247,4,TA,30,GasW,Norm,5,1,TA,1,0,N,TA,1022,0,85000
Lvl,1948.0,1,336,5,TA,130,GasA,Norm,6,1,TA,1,0,Y,TA,1082,1,119200
Lvl,2001.0,2,643,6,Gd,45,GasA,Norm,8,2,Gd,1,855,Y,Gd,810,0,227000
Lvl,1996.0,2,690,6,Gd,66,GasA,Norm,7,2,Gd,1,0,Y,Gd,1504,1,203000
Lvl,1984.0,1,1036,4,Gd,0,GasA,Norm,8,2,Gd,1,0,Y,Gd,1220,1,187500
Lvl,1991.0,2,0,7,Gd,0,GasA,Norm,7,2,Gd,1,670,Y,Gd,384,1,160000
Lvl,2005.0,2,16,6,Gd,20,GasA,Norm,7,2,Gd,1,0,Y,Gd,1362,1,213490
Lvl,2005.0,1,1024,5,TA,64,GasA,Norm,4,2,Gd,1,0,Y,Gd,1132,0,176000
Lvl,2006.0,2,684,6,Gd,54,GasA,Norm,7,2,Gd,1,0,Y,Gd,1199,0,194000
Lvl,1957.0,1,324,6,TA,0,GasA,Norm,5,1,TA,1,336,Y,TA,912,0,87000
Lvl,2005.0,2,16,7,Gd,20,GasA,Norm,7,2,Gd,1,0,Y,Gd,1346,1,191000
Lvl,1976.0,2,1165,10,Gd,72,GasA,Norm,8,2,Gd,1,0,Y,Gd,1565,1,287000
Lvl,1980.0,1,138,5,TA,0,GasA,Norm,5,2,TA,1,0,Y,TA,882,0,112500
Lvl,1960.0,1,697,6,TA,0,GasA,Norm,5,2,TA,1,0,Y,TA,1268,2,167500
HLS,2008.0,2,1513,7,Gd,44,GasA,Norm,8,3,Gd,1,0,Y,Gd,1638,1,293077
Lvl,1941.0,1,368,6,TA,0,GasA,Norm,5,1,TA,1,408,Y,TA,768,1,105000
Lvl,1972.0,1,317,7,TA,28,GasA,Norm,6,1,TA,1,546,Y,TA,672,0,118000
Lvl,2005.0,2,0,10,TA,0,GasA,Norm,5,0,TA,2,980,Y,TA,686,0,160000
Lvl,1970.0,2,523,12,TA,63,GasA,Norm,7,2,TA,1,998,Y,TA,824,2,197000
Lvl,1993.0,2,1012,10,Gd,55,GasA,Norm,8,3,Gd,1,1168,Y,Gd,1338,1,310000
Lvl,2002.0,2,986,6,Gd,136,GasA,Norm,7,3,Gd,1,0,Y,Gd,1654,0,230000
Bnk,1938.0,1,0,5,TA,0,GasA,Norm,5,1,Fa,1,0,Y,Fa,920,1,119750
Lvl,1957.0,1,0,5,TA,0,GasA,Norm,4,1,TA,1,0,N,TA,0,0,84000
HLS,2008.0,2,1022,6,Gd,0,GasA,Norm,9,3,Ex,1,0,Y,Ex,1620,1,315500
Lvl,2001.0,2,0,7,Gd,45,GasA,Norm,8,2,Gd,1,1208,Y,Gd,1055,1,287000
Lvl,2005.0,1,0,6,TA,0,GasA,Norm,4,0,TA,1,546,Y,TA,546,1,97000
Lvl,1970.0,1,509,3,TA,0,GasA,Norm,4,1,TA,1,0,Y,Gd,630,0,80000
Lvl,1957.0,2,168,8,TA,0,GasA,Norm,5,2,TA,1,0,Y,TA,1134,1,155000
Lvl,1966.0,1,400,7,TA,40,GasA,Norm,6,2,Gd,1,832,Y,TA,800,0,173000
Lvl,2005.0,2,900,5,Gd,63,GasA,Norm,6,2,Gd,1,0,Y,Gd,1306,1,196000
Lvl,1990.0,2,1085,10,TA,121,GasA,Norm,7,2,Gd,1,797,Y,Gd,1475,1,262280
Lvl,1981.0,2,1104,9,Gd,120,GasA,Norm,8,2,Gd,1,0,Y,Gd,2524,1,278000
Lvl,1955.0,2,0,8,TA,0,GasA,Norm,3,2,TA,1,0,Y,TA,0,1,139600
Lvl,2005.0,3,240,11,Gd,108,GasA,Norm,9,3,Ex,1,876,Y,Ex,1992,1,556581
Lvl,1996.0,1,686,5,TA,0,GasA,Norm,5,2,TA,1,0,Y,Gd,990,0,145000
Lvl,1960.0,1,0,9,TA,0,GasA,Norm,5,2,TA,1,0,Y,TA,0,1,115000
Low,1946.0,1,0,6,TA,0,GasA,Norm,4,1,Gd,1,0,Y,TA,0,0,84900
Lvl,2007.0,2,0,6,Gd,22,GasA,Norm,7,2,Gd,1,0,Y,Gd,1302,0,176485
Lvl,2007.0,2,0,6,Gd,20,GasA,Norm,7,2,Gd,1,0,Y,Gd,1316,1,200141
Lvl,1964.0,1,442,9,TA,52,GasA,Norm,6,2,TA,1,850,Y,TA,816,1,165000
Lvl,1957.0,1,383,7,TA,78,GasA,Norm,5,1,TA,1,0,Y,TA,1216,1,144500
Lvl,2002.0,2,932,7,Gd,60,GasA,Norm,8,2,Gd,1,898,Y,Gd,1065,1,255000
Lvl,1976.0,2,644,7,TA,0,GasA,Norm,6,2,TA,1,0,Y,Gd,1193,1,180000
Lvl,2005.0,2,659,6,Gd,36,GasA,Norm,7,2,Gd,1,0,Y,Gd,1364,1,185850
Lvl,1994.0,2,595,7,Gd,98,GasA,Norm,7,2,Gd,1,871,Y,Gd,973,1,248000
Lvl,2008.0,2,936,10,Ex,102,GasA,Norm,9,3,Ex,1,1054,Y,Ex,1104,1,335000
HLS,1977.0,1,297,7,TA,0,GasA,Norm,6,2,TA,1,895,Y,TA,854,1,220000
Lvl,2001.0,2,616,6,Gd,0,GasA,Norm,8,2,Gd,1,0,Y,Gd,1338,0,213500
Low,1994.0,1,0,6,Fa,20,GasA,Norm,3,3,TA,1,0,Y,TA,894,0,81000
Lvl,1945.0,2,0,10,TA,57,GasA,Norm,5,2,TA,2,915,N,TA,662,0,90000
Lvl,1976.0,1,397,5,TA,120,GasA,Norm,6,2,Gd,1,0,Y,TA,1103,1,110500
Lvl,1966.0,1,740,6,TA,58,GasA,Norm,5,2,TA,1,0,Y,TA,1154,1,154000
Lvl,1996.0,2,1201,7,Gd,44,GasA,Norm,7,2,Gd,1,954,Y,Ex,1306,0,328000
Lvl,1993.0,2,0,7,Gd,40,GasA,Norm,6,2,TA,1,772,Y,Gd,799,1,178000
Lvl,1964.0,1,674,7,TA,128,GasA,Norm,6,2,TA,1,813,Y,TA,780,0,167900
Lvl,1973.0,2,837,10,TA,20,GasA,Norm,6,2,TA,1,1230,Y,Gd,942,1,151400
Lvl,1985.0,1,220,4,TA,0,GasA,Norm,5,2,Gd,1,0,Y,TA,845,0,135000
Lvl,1956.0,1,586,6,TA,20,GasA,Norm,5,1,TA,1,0,Y,TA,1048,0,135000
Lvl,1968.0,1,298,8,TA,0,GasA,Norm,6,2,TA,1,727,Y,TA,727,0,154000
Lvl,1954.0,1,0,7,TA,0,GasA,Norm,5,1,TA,1,454,Y,Fa,810,1,91500
Bnk,1977.0,1,535,6,TA,0,GasA,Norm,6,2,TA,1,728,Y,TA,690,0,159500
Lvl,2006.0,2,0,5,Gd,93,GasA,Norm,7,3,Gd,1,0,Y,Gd,1240,0,194000
Lvl,1940.0,1,410,6,TA,0,GasA,Norm,7,1,TA,1,780,Y,TA,800,2,219500
Lvl,1950.0,2,626,7,TA,21,GasA,Norm,5,2,Gd,1,370,Y,Fa,796,1,170000
Lvl,1969.0,1,75,6,TA,32,GasA,Norm,5,1,TA,1,0,Y,TA,1096,0,138800
Lvl,2004.0,1,662,3,Gd,0,GasA,Norm,6,2,Gd,1,0,Y,Gd,848,1,155900
Lvl,1996.0,1,495,5,TA,64,GasA,Norm,5,1,TA,1,0,Y,Gd,990,0,126000
Lvl,1971.0,2,656,5,Gd,0,GasA,Norm,6,2,Gd,1,0,Y,TA,1258,0,145000
Lvl,1963.0,1,824,5,TA,0,GasA,Norm,5,1,TA,1,0,Y,TA,1040,0,133000
Lvl,2002.0,2,0,6,Gd,39,GasA,Norm,7,2,Gd,1,0,Y,Gd,1459,1,192000
Lvl,1964.0,1,553,6,TA,116,GasA,Norm,6,1,TA,1,0,Y,TA,1251,2,160000
Lvl,1995.0,2,592,6,TA,44,GasA,Norm,6,2,TA,1,807,Y,Gd,691,1,187500
Lvl,1992.0,1,747,5,TA,0,GasA,Norm,6,2,Gd,1,0,Y,Gd,936,0,147000
Lvl,1973.0,1,334,6,TA,96,GasA,Norm,4,1,TA,1,546,Y,TA,546,0,83500
Lvl,2005.0,2,0,9,Gd,50,GasA,Norm,8,3,Gd,1,871,Y,Gd,1082,1,252000
Lvl,2004.0,2,0,7,Gd,40,GasA,Norm,7,2,Gd,1,739,Y,Gd,970,0,137500
Lvl,2005.0,1,1039,4,Gd,84,GasA,Norm,8,2,Gd,1,0,Y,Gd,1247,1,197000
Lvl,1987.0,2,0,6,TA,0,Wall,Norm,3,2,TA,2,0,N,TA,0,0,92900
Lvl,1999.0,2,510,4,Gd,48,GasA,Norm,7,2,Gd,1,628,Y,Gd,600,0,160000
Bnk,1925.0,2,423,7,TA,0,GasA,Norm,6,2,TA,1,304,Y,TA,1181,1,136500
Lvl,1977.0,1,661,6,TA,64,GasA,Norm,5,2,Gd,1,0,Y,TA,864,0,146000
Lvl,1956.0,1,248,4,TA,0,GasA,Norm,5,1,TA,1,0,Y,TA,936,0,129000
Lvl,2006.0,2,24,6,Gd,22,GasA,Norm,6,2,Gd,1,0,Y,Gd,1314,1,176432
Lvl,2005.0,1,0,7,TA,0,GasA,Norm,6,0,Gd,1,582,Y,TA,684,0,127000
Lvl,1987.0,1,0,5,Gd,74,GasA,Norm,8,2,Gd,1,0,Y,Gd,1074,0,170000
Lvl,1936.0,1,672,6,TA,0,GasA,Norm,4,1,TA,1,567,Y,TA,672,0,128000
Lvl,1978.0,2,704,7,TA,0,GasA,Norm,7,2,TA,1,0,Y,Gd,1271,1,157000
Bnk,1930.0,1,290,3,TA,0,GasA,Norm,2,1,Fa,1,0,N,TA,290,0,60000
Lvl,1981.0,1,412,5,TA,0,GasA,Norm,5,1,TA,1,0,Y,TA,950,0,119500
Lvl,1960.0,1,588,6,TA,16,GasA,Norm,5,1,TA,1,0,Y,TA,1010,0,135000
Lvl,1954.0,1,655,6,TA,0,GasA,Norm,6,2,TA,1,0,Y,TA,655,1,159500
Lvl,1970.0,2,0,6,TA,0,GasA,Norm,5,2,TA,1,672,Y,TA,630,0,106000
Lvl,1994.0,2,1032,9,Gd,32,GasA,Norm,8,2,Gd,1,1122,Y,Ex,1463,2,325000
Lvl,1990.0,2,738,6,Gd,244,GasA,Norm,7,2,Gd,1,0,Y,Gd,910,1,179900
HLS,2006.0,2,0,9,Gd,100,GasA,Norm,7,2,Gd,1,1134,Y,Ex,868,1,274725
Lvl,2000.0,2,0,7,TA,48,GasA,Norm,6,2,TA,1,742,Y,Gd,924,1,181000
Lvl,2004.0,2,1039,7,Gd,185,GasA,Norm,8,3,Gd,1,0,Y,Ex,1836,1,280000
Lvl,1995.0,2,219,8,TA,84,GasA,Norm,6,2,TA,1,885,Y,Gd,773,1,188000
Lvl,1976.0,2,403,8,TA,69,GasA,Norm,7,2,TA,1,866,Y,TA,803,1,205000
Lvl,1957.0,1,708,5,TA,0,GasA,Norm,5,1,TA,1,0,Y,TA,816,0,129900
Lvl,1953.0,1,643,6,TA,18,GasA,Norm,5,1,Gd,1,0,Y,TA,1008,0,134500
Lvl,1955.0,1,415,4,TA,0,GasA,Norm,5,1,Gd,1,0,Y,TA,833,0,117000
Lvl,2007.0,2,1004,7,Gd,0,GasA,Norm,8,3,Ex,1,0,Y,Ex,1734,1,318000
Lvl,2002.0,2,353,7,Gd,0,GasA,Norm,8,2,Gd,1,640,Y,Gd,408,1,184100
Lvl,1967.0,1,702,5,TA,0,GasA,Norm,5,2,Gd,1,0,Y,TA,894,0,130000
Lvl,1958.0,1,0,6,TA,34,GasA,Norm,5,1,TA,1,580,Y,TA,533,0,140000
Lvl,1959.0,1,369,6,TA,0,GasA,Norm,5,1,TA,1,0,Y,TA,1040,0,133700
Bnk,1920.0,1,0,6,TA,22,GasA,Norm,6,1,TA,1,0,Y,TA,1012,1,118400
Lvl,2005.0,2,24,7,Gd,20,GasA,Norm,7,3,Gd,1,0,Y,Gd,1552,0,212900
Lvl,1956.0,1,0,5,TA,0,GasA,Norm,4,1,TA,1,0,Y,TA,672,0,112000
Lvl,2005.0,1,0,4,TA,200,GasA,Norm,5,0,TA,1,0,Y,TA,698,0,118000
Lvl,1992.0,2,0,7,TA,25,GasA,Norm,7,2,Gd,1,670,Y,Gd,384,1,163900
Lvl,1977.0,1,0,5,TA,0,GasA,Norm,4,2,Fa,1,0,Y,TA,1005,1,115000
Lvl,2007.0,2,0,7,Gd,20,GasA,Norm,7,3,Gd,1,0,Y,Gd,1373,1,174000
Lvl,2004.0,2,1300,7,Gd,36,GasA,Norm,7,3,Gd,1,0,Y,Gd,1530,1,259000
Lvl,2004.0,2,0,8,Gd,48,GasA,Norm,7,2,Gd,1,1112,Y,Gd,847,1,215000
Lvl,1980.0,1,936,4,TA,0,GasA,Norm,5,2,TA,1,0,Y,Gd,936,0,140000
Lvl,1981.0,2,622,7,TA,44,GasA,Norm,4,2,Gd,1,653,Y,TA,1122,2,135000
Lvl,2005.0,1,212,5,TA,28,GasA,Norm,5,0,TA,1,0,Y,Gd,974,0,93500
Lvl,1930.0,2,0,8,TA,48,GasW,Norm,6,1,Fa,1,1032,Y,TA,1008,0,117500
Lvl,1995.0,2,584,8,Gd,155,GasA,Norm,8,2,Gd,1,878,Y,Gd,1128,1,239500
HLS,1997.0,2,0,7,TA,38,GasA,Norm,6,2,TA,1,684,Y,Gd,916,1,169000
Lvl,1926.0,1,0,5,TA,128,GasA,Norm,6,1,TA,1,0,N,TA,960,1,102000
Lvl,1950.0,1,280,6,TA,0,GasA,Norm,6,1,TA,1,220,Y,TA,1032,0,119000
Lvl,2005.0,1,0,6,TA,0,GasA,Norm,5,0,TA,1,240,N,TA,780,0,94000
Lvl,1977.0,2,1567,5,TA,32,GasA,Norm,6,2,Gd,1,0,Y,TA,1567,2,196000
Lvl,1972.0,1,645,6,TA,0,GasA,Norm,5,2,TA,1,0,Y,TA,915,1,144000
Lvl,1988.0,1,852,4,TA,0,GasA,Norm,5,2,TA,1,0,Y,TA,952,0,139000
Lvl,1976.0,2,381,9,TA,96,GasA,Norm,5,2,Gd,1,780,Y,TA,780,1,197500
Lvl,2006.0,3,1150,11,Gd,144,GasA,Norm,8,3,Gd,1,1362,Y,Ex,1466,1,424870
Lvl,2005.0,1,288,5,TA,24,GasA,Norm,5,0,TA,1,0,Y,TA,1006,0,80000
Lvl,1941.0,1,348,5,TA,0,Grav,Norm,4,1,Fa,1,252,N,Gd,672,0,80000
Lvl,1928.0,1,0,8,TA,0,GasA,Norm,5,1,TA,1,534,Y,TA,1042,1,149000
Lvl,1985.0,2,1258,5,Gd,26,GasA,Norm,6,2,Gd,1,0,Y,Gd,1298,1,180000
Bnk,1941.0,1,275,7,TA,0,GasA,Norm,7,1,Fa,1,704,Y,TA,704,1,174500
Lvl,1982.0,1,0,5,TA,0,GasA,Norm,7,1,TA,1,539,Y,TA,572,1,116900
Lvl,1930.0,1,624,7,TA,0,GasA,Norm,7,2,TA,1,650,Y,TA,650,0,143000
Lvl,1950.0,1,0,4,TA,0,GasA,Norm,6,1,Gd,1,0,Y,TA,932,1,124000
Lvl,1959.0,1,176,6,TA,140,GasA,Norm,5,2,Fa,1,0,Y,TA,1466,2,149900
Lvl,1956.0,1,296,6,TA,0,GasA,Norm,6,2,Ex,1,0,Y,TA,1073,1,230000
Lvl,2002.0,1,538,5,Gd,0,GasA,Norm,6,1,TA,1,0,Y,TA,816,0,120500
Lvl,1965.0,1,454,8,TA,84,GasA,Norm,7,2,Gd,1,918,Y,TA,864,2,201800
Lvl,1976.0,2,1157,6,Gd,21,GasA,Norm,5,2,Gd,1,0,Y,Gd,1437,1,218000
Lvl,1965.0,2,633,6,TA,92,GasA,Norm,5,2,Gd,1,0,Y,TA,1219,1,179900
Lvl,2008.0,2,904,6,Gd,62,GasA,Norm,7,2,Gd,1,0,Y,Gd,1314,1,230000
Lvl,2008.0,2,0,7,Gd,24,GasA,Norm,8,3,Gd,1,0,Y,Gd,1580,0,235128
Lvl,1974.0,2,442,8,Gd,69,GasA,Norm,6,2,Gd,1,933,Y,TA,901,1,185000
Lvl,1978.0,2,311,7,TA,0,GasA,Norm,6,2,TA,1,601,Y,Gd,855,1,146000
Low,1993.0,1,728,7,Gd,0,GasA,Norm,6,2,Gd,1,0,Y,TA,1296,1,224000
Lvl,1968.0,1,492,5,TA,0,GasA,Norm,5,2,TA,1,0,Y,Gd,894,1,129000
Lvl,1969.0,0,1198,6,TA,0,GasA,Norm,4,2,TA,2,0,Y,Gd,1198,0,108959
Lvl,1978.0,1,680,5,TA,180,GasA,Norm,5,2,Gd,1,0,Y,Gd,1360,1,194000
Lvl,2009.0,2,0,7,Gd,114,GasA,Norm,7,2,Gd,1,0,Y,Gd,1502,0,233170
Lvl,2008.0,2,0,7,Gd,33,GasA,Norm,8,3,Gd,1,0,Y,Gd,1694,0,245350
Lvl,2000.0,2,786,7,TA,38,GasA,Norm,6,2,TA,1,712,Y,Gd,959,1,173000
Lvl,1935.0,2,626,7,TA,0,GasA,Norm,6,2,Gd,1,872,Y,TA,1127,2,235000
Lvl,1995.0,3,1387,10,Gd,76,GasA,Norm,10,3,Gd,1,1796,Y,Ex,1930,1,625000
Lvl,1977.0,1,522,6,TA,0,GasA,Norm,6,1,TA,1,0,Y,TA,1096,1,171000
Lvl,1958.0,1,662,6,TA,0,GasA,Norm,6,2,TA,1,0,Y,TA,1261,1,163000
Lvl,2006.0,2,0,5,Gd,54,GasA,Norm,7,2,Gd,1,625,Y,Gd,625,0,171900
Bnk,2005.0,3,152,12,TA,0,GasA,Norm,5,0,Ex,1,971,Y,TA,1598,1,200500
Lvl,1932.0,2,503,9,TA,0,GasA,Norm,6,2,TA,1,1175,Y,Gd,952,1,239000
Lvl,1992.0,2,700,9,Gd,33,GasA,Norm,8,2,Gd,1,743,Y,Gd,1683,1,285000
Lvl,1984.0,1,658,5,TA,0,GasA,Norm,5,1,TA,1,0,Y,TA,876,0,119500
Bnk,1926.0,1,468,5,TA,0,GasA,Norm,6,1,TA,1,406,Y,TA,818,0,115000
Lvl,1921.0,1,0,7,TA,0,GasA,Norm,5,1,TA,1,523,Y,TA,731,1,154900
Lvl,2005.0,1,0,5,TA,36,GasA,Norm,5,0,TA,1,0,Y,TA,0,1,93000
Lvl,1990.0,2,1216,8,TA,0,GasA,Norm,7,2,TA,1,1216,Y,Gd,1216,0,250000
HLS,2008.0,2,1480,5,Ex,53,GasA,Norm,8,2,Gd,1,0,Y,Ex,1600,1,392500
Lvl,1996.0,3,2096,10,Gd,78,GasA,Norm,10,3,Ex,1,2065,Y,Ex,2396,2,745000
Lvl,1970.0,1,821,5,TA,0,GasA,Norm,5,2,TA,1,0,Y,TA,1120,1,120000
Lvl,1963.0,1,1159,5,TA,263,GasA,Norm,5,3,TA,1,0,Y,TA,1572,2,186700
Lvl,1965.0,1,392,7,TA,0,GasA,Norm,5,1,TA,1,272,Y,TA,784,0,104900
Bnk,1920.0,2,440,7,TA,74,GasA,Artery,3,2,TA,2,685,Y,Fa,978,0,95000
Lvl,1994.0,2,1456,5,Gd,114,GasA,Norm,8,3,Gd,1,0,Y,Gd,1624,1,262000
Lvl,2002.0,2,0,7,Gd,68,GasA,Norm,7,2,Gd,1,829,Y,Gd,831,0,195000
Lvl,1999.0,2,0,7,TA,60,GasA,Norm,7,2,Gd,1,776,Y,TA,994,1,189000
Low,1975.0,1,1159,7,TA,0,GasA,Norm,4,4,TA,1,0,Y,TA,1249,1,168000
Lvl,1999.0,2,0,5,Gd,0,GasA,Norm,8,2,Gd,1,677,Y,Gd,776,0,174000
Lvl,1925.0,1,0,6,TA,0,GasA,Norm,5,1,Gd,1,630,Y,TA,702,0,125000
Lvl,1999.0,2,883,5,TA,304,GasA,Norm,6,2,TA,1,0,Y,Ex,1224,0,165000
Lvl,1969.0,1,371,7,TA,36,GasA,Norm,6,1,TA,1,689,Y,TA,663,0,158000
Lvl,2005.0,2,0,8,TA,24,GasA,Norm,6,2,Gd,1,728,Y,Gd,728,0,176000
Lvl,2006.0,2,0,9,Gd,17,GasA,Norm,7,3,Gd,1,984,Y,Gd,879,1,219210
Bnk,1916.0,1,0,7,TA,0,GasA,Norm,7,1,TA,1,875,Y,TA,815,1,144000
Lvl,2001.0,2,0,6,Gd,0,GasA,Norm,7,2,Gd,1,0,Y,Gd,1212,0,178000
Lvl,1974.0,1,547,6,TA,82,GasA,Norm,4,2,TA,1,0,Y,TA,1051,1,148000
Lvl,1972.0,1,0,5,TA,0,GasA,Norm,4,1,TA,1,0,Y,TA,864,0,116050
Lvl,1998.0,2,0,6,TA,36,GasA,Norm,7,2,Gd,1,913,Y,Gd,866,0,197900
Lvl,1960.0,1,0,5,TA,0,GasA,Norm,5,1,TA,1,464,Y,TA,884,1,117000
Lvl,2000.0,2,0,6,Gd,234,GasA,Norm,7,2,Gd,1,0,Y,Gd,1630,1,213000
Lvl,1975.0,1,788,6,TA,88,GasA,Norm,5,2,TA,1,0,Y,Gd,1056,0,153500
Lvl,1990.0,2,485,7,Gd,70,GasA,Norm,7,3,Gd,1,0,Y,Gd,2158,1,271900
Lvl,1966.0,1,1056,5,TA,42,GasA,Norm,4,1,TA,1,0,Y,TA,1056,0,107000
Lvl,2003.0,2,340,7,Gd,23,GasA,Norm,6,2,Gd,1,0,Y,Gd,1682,0,200000
Lvl,1980.0,1,504,6,TA,0,GasA,Norm,5,2,TA,1,0,Y,TA,931,0,140000
Lvl,2006.0,2,1220,8,Gd,50,GasA,Norm,8,2,Gd,1,0,Y,Ex,1660,1,290000
Lvl,1992.0,2,0,8,Gd,104,GasA,Norm,6,2,Gd,1,790,Y,Gd,1055,1,189000
Bnk,1988.0,2,427,8,Gd,12,GasA,Norm,8,2,TA,1,672,Y,Gd,559,0,164000
Lvl,1941.0,1,344,4,TA,113,GasA,Norm,4,1,TA,1,0,Y,TA,672,0,113000
Lvl,1965.0,0,648,3,TA,0,GasA,Norm,4,1,TA,1,0,Y,TA,648,0,145000
Lvl,1962.0,1,784,6,TA,72,GasA,Norm,5,1,TA,1,0,Y,TA,925,0,134500
Lvl,1966.0,1,180,5,TA,0,GasA,Norm,5,1,TA,1,0,Y,TA,894,0,125000
Lvl,1978.0,2,0,8,TA,0,GasA,Norm,6,2,TA,2,584,Y,TA,0,0,112000
Lvl,2009.0,2,936,6,Gd,112,GasA,Norm,8,2,Gd,1,0,Y,Gd,1300,0,229456
Lvl,2005.0,1,0,3,TA,0,GasA,Norm,4,0,TA,1,240,N,TA,0,0,80500
Lvl,2005.0,1,0,7,TA,0,GasA,Norm,6,0,TA,1,546,Y,TA,672,0,91500
Lvl,1964.0,1,312,5,TA,0,GasA,Norm,5,1,TA,1,0,Y,TA,912,0,115000
Lvl,1968.0,1,250,5,TA,63,GasA,Norm,5,1,TA,1,0,Y,TA,952,1,134000
Lvl,1949.0,2,196,7,TA,0,GasA,Norm,6,1,TA,1,678,Y,TA,1040,1,143000
Lvl,1951.0,2,756,7,TA,30,GasA,Norm,5,2,TA,1,0,N,TA,2136,0,137900
Lvl,2004.0,2,724,8,Gd,75,GasA,Norm,7,2,Gd,1,702,Y,Gd,788,1,184000
Lvl,1958.0,1,507,6,TA,0,GasA,Norm,6,1,TA,1,0,Y,TA,588,0,145000
Lvl,2007.0,2,0,9,Gd,18,GasA,Norm,6,3,Gd,1,1039,Y,Gd,894,1,214000
Lvl,1992.0,1,595,5,TA,240,GasA,Norm,5,2,Gd,1,0,Y,TA,912,0,147000
Lvl,2008.0,1,1540,7,Ex,72,GasA,Norm,9,3,Ex,1,0,Y,Ex,1702,1,367294
Lvl,1960.0,2,666,7,TA,0,GasA,Norm,5,1,TA,1,0,Y,TA,1075,0,127000
Lvl,1977.0,2,498,12,TA,24,GasA,RRAe,5,2,TA,2,1259,Y,Gd,1361,1,190000
Lvl,1962.0,1,803,6,TA,18,GasA,Norm,5,2,TA,1,0,Y,TA,1106,0,132500
Lvl,1962.0,2,0,6,TA,0,GasA,Norm,4,2,TA,2,0,Y,TA,0,0,101800
Lvl,1959.0,1,1000,6,TA,0,GasA,Norm,5,2,TA,1,0,Y,TA,1188,0,142000
Bnk,2005.0,1,0,7,TA,192,GasA,Norm,5,0,TA,1,940,N,TA,940,0,130000
Lvl,1914.0,1,0,9,TA,40,GasA,Norm,5,1,TA,1,892,Y,Gd,747,0,138887
Lvl,2003.0,2,0,6,Gd,27,GasA,Norm,7,2,Gd,1,862,Y,Gd,764,0,175500
Lvl,2004.0,2,0,8,Gd,48,GasA,Norm,7,2,Gd,1,1101,Y,Gd,847,1,195000
Lvl,2005.0,1,0,6,Gd,0,GasA,Norm,6,2,TA,1,0,Y,Gd,1141,0,142500
HLS,2006.0,2,428,6,Gd,33,GasA,Norm,8,2,Ex,1,0,Y,Gd,1476,1,265900
Lvl,2003.0,2,550,8,Gd,63,GasA,Norm,7,2,Gd,1,884,Y,Gd,884,0,224900
Lvl,2007.0,2,0,7,Gd,56,GasA,Norm,7,3,Gd,1,0,Y,Gd,1689,0,248328
Lvl,1974.0,2,885,6,TA,120,GasA,Norm,7,2,Gd,1,0,Y,Gd,1053,2,170000
Lvl,2006.0,2,1386,7,Ex,229,GasA,Norm,10,3,Ex,1,0,Y,Ex,2076,1,465000
HLS,1931.0,1,0,7,TA,0,GasA,Norm,8,2,Gd,1,725,Y,Gd,792,2,230000
Lvl,1984.0,3,0,7,TA,112,GasA,Norm,6,2,TA,1,728,Y,Gd,585,1,178000
Lvl,2005.0,2,0,6,Gd,45,GasA,Norm,7,2,Gd,1,797,Y,Gd,756,0,186500
Lvl,1976.0,1,539,6,TA,0,GasA,Norm,6,3,TA,1,0,Y,TA,1012,0,169900
Lvl,1950.0,1,319,8,TA,0,OthW,Norm,6,2,TA,1,924,N,Gd,735,1,129500
Lvl,1950.0,1,534,6,TA,80,GasA,Norm,5,1,TA,1,0,Y,TA,876,0,119000
Lvl,1968.0,2,1065,8,Gd,0,GasA,Norm,7,2,Ex,1,0,Y,TA,2110,2,244000
Lvl,2003.0,2,0,6,Gd,36,GasA,Norm,7,2,Gd,1,0,Y,Gd,1405,1,171750
Lvl,1968.0,1,510,5,TA,0,GasA,Norm,5,1,TA,1,0,Y,TA,864,0,130000
Lvl,1974.0,2,125,9,Gd,47,GasA,Norm,7,2,Gd,1,651,Y,TA,1192,2,294000
Lvl,2003.0,2,0,7,Gd,128,GasA,Norm,7,2,Gd,1,896,Y,Gd,746,1,165400
Lvl,1978.0,1,425,6,TA,0,GasA,Norm,6,1,TA,1,408,Y,TA,884,1,127500
Lvl,1994.0,2,1314,7,Gd,36,GasA,Norm,8,2,Gd,1,0,Y,Gd,1986,1,301500
Lvl,2005.0,1,0,4,TA,96,GasA,Norm,5,0,TA,1,0,Y,Fa,864,0,99900
Lvl,2005.0,2,655,5,Gd,0,GasA,Norm,7,2,Gd,1,0,Y,Gd,856,0,190000
Lvl,1969.0,1,602,6,TA,0,GasA,Norm,6,2,TA,1,0,Y,Gd,1054,0,151000
Lvl,1999.0,2,0,7,TA,103,GasA,Norm,6,2,TA,1,783,Y,Gd,841,1,181000
Lvl,1956.0,1,504,5,TA,0,GasA,Norm,5,1,TA,1,0,Y,TA,1050,0,128900
Lvl,1957.0,1,0,8,TA,0,GasA,Norm,4,1,TA,1,684,Y,TA,1104,2,161500
Lvl,1940.0,1,0,8,TA,0,GasA,Norm,6,2,TA,1,764,Y,TA,764,1,180500
Lvl,1998.0,2,266,5,Gd,68,GasA,Norm,6,2,Gd,1,0,Y,Gd,1405,0,181000
Lvl,1999.0,2,450,6,Gd,34,GasA,Norm,7,2,Gd,1,739,Y,Gd,691,0,183900
Bnk,1960.0,1,0,9,Fa,0,GasA,Norm,7,1,TA,2,925,N,TA,925,1,122000
HLS,2009.0,2,0,10,Ex,76,GasA,Norm,9,3,Ex,1,0,Y,Ex,2002,1,378500
Lvl,1982.0,3,192,11,TA,12,GasA,Norm,8,3,Gd,1,1479,Y,TA,728,2,381000
Lvl,1958.0,1,460,7,TA,0,GasW,Norm,5,1,TA,1,650,Y,TA,874,0,144000
Low,1979.0,0,1258,4,Gd,0,GasA,Norm,7,2,Gd,1,192,Y,Gd,1332,1,260000
Lvl,1968.0,2,0,7,TA,0,GasA,Norm,6,2,Gd,1,0,Y,TA,1489,1,185750
Lvl,1965.0,1,560,5,TA,0,GasA,Norm,5,1,TA,1,0,Y,TA,935,0,137000
Lvl,1959.0,1,719,5,TA,0,GasA,Norm,6,1,Ex,1,0,Y,TA,1019,1,177000
Lvl,1985.0,2,0,8,TA,0,GasA,Norm,5,2,TA,1,589,Y,TA,661,1,139000
Lvl,1948.0,2,220,10,TA,0,GasA,Norm,5,2,TA,2,992,Y,TA,928,0,137000
Lvl,1972.0,1,593,6,TA,116,GasA,Norm,6,2,TA,1,660,Y,TA,723,1,162000
Lvl,1967.0,1,528,7,TA,0,GasA,Norm,6,2,TA,1,0,Y,Gd,1680,1,197900
Lvl,2002.0,2,804,7,Gd,211,GasA,Norm,8,2,Gd,1,903,Y,Gd,1128,1,237000
Lvl,1980.0,1,0,6,TA,0,GasA,Norm,4,2,TA,1,430,Y,TA,698,0,68400
Lvl,2002.0,2,788,6,Gd,72,GasA,Norm,7,2,Gd,1,0,Y,Gd,1573,0,227000
Lvl,1990.0,2,1053,6,TA,58,GasA,Norm,7,2,TA,1,0,Y,Gd,1309,1,180000
Lvl,1977.0,2,532,5,TA,0,GasA,Norm,5,2,Gd,1,0,Y,Gd,1040,0,150500
Low,2005.0,2,0,8,TA,0,GasA,Norm,6,0,TA,2,912,Y,TA,912,0,139000
Lvl,1969.0,2,0,10,TA,0,GasA,Norm,6,1,Gd,1,748,Y,TA,804,1,169000
Lvl,1939.0,1,0,6,TA,0,GasA,Norm,6,1,TA,1,587,Y,TA,780,1,132500
Lvl,1963.0,1,569,6,TA,26,GasA,Norm,6,2,TA,1,0,Y,TA,1328,2,143000
Low,1964.0,2,812,7,TA,198,GasA,Norm,5,2,TA,1,0,Y,TA,1624,0,190000
Lvl,2000.0,2,1158,5,Gd,59,GasA,Norm,8,2,Ex,1,0,Y,Gd,1501,1,278000
Lvl,2006.0,2,0,8,Gd,74,GasA,Norm,8,3,Ex,1,850,Y,Gd,1085,1,281000
Lvl,1964.0,1,1014,6,TA,0,GasA,Norm,5,2,TA,1,0,Y,TA,1152,1,180500
Lvl,1972.0,2,231,6,TA,0,GasA,Norm,5,1,TA,1,672,Y,TA,630,0,119500
Lvl,1985.0,2,0,11,TA,287,GasA,Norm,5,1,TA,2,994,N,TA,994,0,107500
Lvl,1976.0,2,194,8,TA,28,GasA,Norm,7,2,TA,1,832,Y,Gd,832,1,162900
Lvl,1957.0,1,167,5,TA,0,GasA,Norm,5,2,TA,1,0,Y,TA,864,0,115000
Lvl,1968.0,1,1016,5,TA,0,GasA,Norm,5,1,TA,1,0,Y,TA,1052,0,138500
Lvl,1963.0,2,776,6,TA,20,GasA,Norm,5,2,TA,1,0,Y,TA,1120,0,155000
Lvl,2005.0,2,547,5,TA,44,GasA,Norm,6,2,TA,1,0,Y,Gd,547,0,140000
Bnk,2008.0,2,5644,12,Ex,292,GasA,Norm,10,2,Ex,1,950,Y,Ex,6110,3,160000
Lvl,1959.0,1,340,6,TA,0,GasA,Norm,5,1,Gd,1,0,Y,TA,1246,0,154000
Lvl,1999.0,2,694,9,Gd,0,GasA,Norm,7,2,Gd,1,978,Y,Gd,978,1,225000
Bnk,1942.0,1,547,7,TA,0,GasA,Norm,6,1,Gd,1,741,Y,TA,771,2,177500
Lvl,1994.0,2,740,8,Gd,78,GasA,Norm,8,3,Gd,1,1323,Y,Gd,1165,1,290000
Lvl,2005.0,2,0,7,Gd,59,GasA,Norm,7,3,Gd,1,0,Y,Gd,1616,0,232000
Lvl,2004.0,2,0,7,Gd,40,GasA,Norm,7,2,Gd,1,732,Y,Gd,976,0,130000
Lvl,2006.0,2,1572,6,Gd,102,GasA,Norm,9,2,Ex,1,0,Y,Ex,1652,2,325000
Lvl,2005.0,2,0,6,Gd,35,GasA,Norm,7,2,Gd,1,0,Y,Gd,1368,1,202500
Lvl,2000.0,1,746,5,TA,64,GasA,Norm,5,2,TA,1,0,Y,Gd,990,0,138000
Lvl,1948.0,1,144,6,TA,36,GasA,Norm,5,2,Gd,1,0,Y,TA,924,0,147000
Lvl,1991.0,2,1200,6,TA,51,GasA,Norm,6,2,Gd,1,0,Y,Gd,1278,0,179200
Lvl,1959.0,2,1406,7,Gd,207,GasA,Norm,7,2,Ex,1,0,Y,Gd,1902,2,335000
Lvl,2005.0,2,925,6,Gd,98,GasA,Norm,7,2,Gd,1,0,Y,Gd,1274,0,203000
Lvl,1990.0,2,482,9,Gd,0,GasA,Norm,8,2,Gd,1,1357,Y,Ex,1453,1,302000
Lvl,1999.0,2,0,10,Gd,30,GasA,Norm,9,3,Gd,1,1177,Y,Gd,1393,1,333168
Lvl,1956.0,1,732,5,TA,36,GasA,Norm,4,1,TA,1,0,Y,TA,948,1,119000
Lvl,1969.0,2,500,9,TA,0,GasA,Norm,6,2,TA,1,1020,Y,Fa,952,2,206900
Lvl,2008.0,2,0,8,Gd,42,GasA,Norm,8,3,Ex,1,0,Y,Ex,1622,1,295493
Lvl,2006.0,2,0,5,Gd,241,GasA,Norm,7,2,Gd,1,0,Y,Ex,1352,1,208900
Lvl,2001.0,2,0,7,Gd,150,GasA,Norm,8,3,Gd,1,0,Y,Gd,1753,1,275000
Bnk,1954.0,1,492,5,TA,0,GasA,Norm,4,1,TA,1,0,Y,TA,864,0,111000
Lvl,1957.0,1,189,6,TA,0,GasA,Norm,6,2,TA,1,0,Y,TA,1478,2,156500
Lvl,1955.0,1,0,4,TA,0,Floor,Norm,3,1,TA,1,0,N,TA,0,0,72500
Lvl,1992.0,2,674,8,Gd,39,GasA,Norm,7,2,Gd,1,862,Y,Gd,750,1,190000
HLS,2005.0,1,280,5,Fa,0,GasA,Norm,4,0,Fa,1,0,Y,TA,420,0,82500
Lvl,2007.0,2,0,7,Gd,49,GasA,Norm,8,3,Gd,1,0,Y,Ex,1795,1,147000
Lvl,2005.0,1,0,5,TA,0,GasA,Norm,4,0,TA,1,0,N,TA,796,0,55000
Bnk,2005.0,1,544,6,TA,0,GasA,Norm,3,0,Gd,1,0,Y,TA,544,0,79000
Lvl,1982.0,1,641,5,Gd,0,GasA,Norm,5,1,Gd,1,0,Y,TA,816,1,130500
Lvl,1920.0,2,493,8,Gd,547,GasW,Norm,6,2,TA,1,1208,Y,Gd,1510,2,256000
Lvl,1998.0,2,0,8,TA,28,GasA,Norm,7,2,TA,1,677,Y,Gd,935,1,176500
Lvl,2006.0,2,0,7,Gd,45,GasA,Norm,8,3,Gd,1,0,Y,Gd,1588,1,227000
Lvl,1976.0,1,483,6,TA,0,GasA,Norm,5,2,TA,1,0,Y,TA,911,0,132500
Lvl,1958.0,1,690,3,TA,0,GasA,Norm,4,1,TA,1,0,Y,TA,816,1,100000
Lvl,1951.0,1,0,6,TA,65,GasA,Norm,5,1,Gd,1,557,Y,TA,803,0,125500
Lvl,1970.0,1,765,7,TA,36,GasA,Norm,5,2,TA,1,600,Y,TA,765,0,125000
Lvl,1977.0,2,686,6,TA,16,GasA,Norm,6,2,TA,1,0,Y,Gd,1350,1,167900
Lvl,1973.0,2,0,8,TA,211,GasA,Norm,5,2,TA,2,0,Y,TA,1656,0,135000
Bnk,2005.0,1,0,4,TA,20,Grav,Norm,4,0,Fa,1,0,N,TA,693,0,52500
Lvl,2002.0,2,700,8,Gd,91,GasA,Norm,7,2,Gd,1,941,Y,Gd,916,0,200000
Lvl,1972.0,1,360,5,TA,0,GasA,Norm,5,1,TA,1,0,Y,TA,864,0,128500
Lvl,1974.0,1,0,5,TA,0,GasA,Norm,4,4,TA,1,0,Y,TA,858,0,123000
Lvl,2004.0,1,814,6,TA,78,GasA,Norm,6,2,Gd,1,0,Y,Gd,1114,0,155000
Lvl,2002.0,2,0,7,Gd,87,GasA,Norm,8,2,Gd,1,885,Y,Gd,1284,1,228500
Bnk,1929.0,1,0,9,TA,0,GasA,Norm,6,2,TA,1,741,Y,TA,896,1,177000
Lvl,2006.0,2,0,8,Gd,0,GasA,Norm,7,2,Gd,1,728,Y,Gd,728,1,155835
Lvl,1997.0,1,250,5,TA,0,GasA,Norm,4,1,Fa,1,0,Y,TA,960,0,108500
Lvl,1968.0,2,297,9,TA,80,GasA,Norm,7,2,TA,1,0,Y,TA,1568,1,262500
HLS,2006.0,2,80,7,Gd,0,GasA,Norm,8,3,Gd,1,0,Y,Ex,1732,1,283463
Low,1998.0,2,1443,5,Gd,25,GasA,Norm,7,2,Gd,1,0,Y,Gd,1482,1,215000
Lvl,2005.0,2,259,8,TA,54,OthW,Norm,8,0,TA,1,1215,N,TA,684,0,122000
Lvl,1969.0,2,500,12,TA,0,GasA,Norm,5,4,TA,2,1296,Y,TA,1248,0,200000
Lvl,1962.0,1,319,8,TA,84,GasA,Norm,6,2,TA,1,858,Y,TA,858,1,171000
Lvl,1999.0,1,0,4,Gd,0,GasA,Norm,6,2,TA,1,390,Y,TA,698,0,134900
Lvl,1996.0,2,816,9,Gd,86,GasA,Norm,8,3,Gd,1,1185,Y,Gd,2033,1,410000
Lvl,2000.0,2,735,7,Gd,184,GasA,Norm,7,3,Gd,1,873,Y,Gd,992,1,235000
Lvl,1968.0,3,0,8,TA,98,GasA,Norm,7,2,Gd,1,698,Y,TA,570,1,170000
Lvl,1966.0,1,340,5,TA,0,GasA,Norm,5,1,TA,1,0,Y,TA,864,0,110000
Lvl,1971.0,1,734,6,TA,0,GasA,Norm,5,2,TA,1,0,Y,TA,1078,1,149900
Lvl,2000.0,2,378,5,Gd,32,GasA,Norm,6,2,Gd,1,804,Y,Gd,756,0,177500
Lvl,2004.0,2,1447,8,Gd,45,GasA,Norm,9,3,Ex,1,0,Y,Ex,1980,1,315000
Lvl,1998.0,3,0,8,TA,0,GasA,Norm,5,2,TA,1,1611,Y,TA,612,0,189000
Low,2005.0,2,1274,7,Gd,36,GasA,Norm,7,2,Gd,1,0,Y,Ex,1530,1,260000
Lvl,1920.0,2,0,7,TA,0,GasA,Norm,4,1,TA,1,457,Y,TA,715,1,104900
Lvl,2007.0,2,0,6,TA,36,GasA,Norm,6,2,Gd,1,796,Y,Gd,616,1,156932
Lvl,2005.0,2,0,4,Gd,166,GasA,Norm,7,2,Gd,1,600,Y,Gd,600,0,144152
Lvl,2000.0,2,533,7,Gd,96,GasA,Norm,7,2,Gd,1,860,Y,Gd,814,0,216000
Lvl,1999.0,2,633,7,Gd,88,GasA,Norm,7,2,Gd,1,908,Y,Gd,873,0,193000
Lvl,1977.0,2,548,6,TA,26,GasA,Norm,5,1,TA,1,550,Y,TA,757,1,127000
Lvl,2003.0,1,685,4,Gd,0,GasA,Norm,6,2,Gd,1,0,Y,Gd,848,0,144000
Lvl,2003.0,2,370,8,Gd,262,GasA,Norm,8,2,Gd,1,0,Y,Gd,1657,1,232000
Lvl,1967.0,1,315,6,Fa,0,GasA,Norm,4,1,TA,1,534,Y,TA,840,0,105000
Lvl,1955.0,1,831,8,TA,28,GasA,Norm,6,1,Gd,1,0,Y,TA,992,1,165500
Lvl,1998.0,2,975,8,TA,170,GasA,Norm,7,2,Gd,1,989,Y,Gd,1108,1,274300
Lvl,2001.0,2,1282,8,Ex,140,GasA,Norm,10,3,Ex,1,0,Y,Ex,2633,2,466500
Lvl,2005.0,2,0,9,Gd,210,GasA,Norm,7,3,Gd,1,932,Y,Gd,1026,1,250000
HLS,2007.0,2,0,7,Gd,36,GasA,Norm,8,3,Gd,1,0,Y,Gd,1571,1,239000
Bnk,1925.0,1,384,4,TA,141,GasA,Norm,6,1,TA,1,0,N,Gd,768,0,91000
Lvl,1977.0,2,408,6,TA,68,GasA,Norm,5,2,TA,1,620,Y,TA,984,0,117000
Lvl,1973.0,1,309,5,TA,0,GasA,Norm,6,1,TA,1,504,Y,TA,483,0,83000
Lvl,2007.0,2,0,7,TA,0,GasA,Norm,5,2,Gd,1,640,Y,Gd,384,0,167500
Lvl,1938.0,1,203,5,TA,0,GasA,Norm,3,1,TA,1,0,N,TA,864,0,58500
Lvl,1970.0,2,865,7,TA,42,GasA,Norm,6,2,TA,1,0,Y,TA,1205,2,237500
Lvl,1989.0,1,0,8,TA,0,GasA,Norm,7,2,Gd,1,764,Y,Fa,596,0,157000
Lvl,2007.0,2,0,7,TA,0,GasA,Norm,5,2,Gd,1,0,Y,TA,816,0,112000
Lvl,1939.0,1,204,6,TA,0,GasA,Norm,6,1,TA,1,560,Y,TA,560,0,105000
Lvl,1922.0,1,735,7,TA,96,GasA,Norm,4,1,Gd,1,358,Y,TA,796,0,125500
Lvl,1978.0,3,790,12,TA,112,GasA,Norm,7,2,Gd,1,1392,Y,Gd,1392,2,250000
Lvl,1916.0,2,168,10,TA,15,GasW,Norm,6,1,Gd,1,862,N,TA,714,1,136000
HLS,2006.0,2,1320,7,Ex,39,GasA,Norm,9,3,Ex,1,0,Y,Ex,1746,2,377500
Lvl,2003.0,1,375,6,TA,0,GasA,Norm,6,2,TA,1,349,Y,TA,735,1,131000
Lvl,2000.0,2,1400,6,Gd,36,GasA,Norm,7,2,Gd,1,0,Y,Gd,1525,0,235000
Lvl,1967.0,2,0,8,TA,152,GasA,Norm,5,3,TA,2,0,Y,TA,1584,0,124000
Lvl,1967.0,1,769,6,TA,144,GasA,Norm,5,1,TA,1,0,Y,TA,864,1,123000
Lvl,2003.0,2,0,7,TA,25,GasA,Norm,6,2,TA,2,691,N,Fa,482,1,163000
Lvl,2006.0,2,1070,6,Gd,20,GasA,Norm,7,3,Gd,1,0,Y,Gd,1356,1,246578
Lvl,2005.0,2,0,9,Gd,39,GasA,Norm,8,3,Gd,1,1349,Y,Gd,1094,1,281213
Bnk,1966.0,1,353,7,TA,0,GasA,Norm,5,2,TA,1,0,Y,TA,747,2,160000
Lvl,1933.0,1,0,8,TA,0,GasA,Norm,5,1,TA,1,574,Y,TA,939,0,137500
Lvl,1950.0,1,180,7,TA,0,GasA,Norm,5,1,TA,1,768,Y,TA,1208,0,138000
Lvl,1925.0,2,264,7,TA,16,GasA,Norm,6,1,Gd,1,448,Y,TA,976,1,137450
Lvl,1929.0,1,0,5,TA,0,GasA,Norm,6,1,TA,1,208,Y,TA,862,1,120000
Lvl,2004.0,2,759,8,TA,75,GasA,Norm,6,2,TA,1,729,Y,TA,839,1,193000
Lvl,2006.0,2,0,6,Gd,55,GasA,Norm,7,2,Gd,1,0,Y,Gd,1286,1,193879
Lvl,2007.0,2,929,6,Gd,160,GasA,Norm,8,3,Gd,1,0,Y,Gd,1485,0,282922
Lvl,1998.0,1,0,6,TA,0,GasA,Norm,3,3,TA,1,520,Y,TA,672,0,105000
HLS,2004.0,2,1373,5,Gd,53,GasA,Norm,8,2,Gd,1,0,Y,Ex,1594,1,275000
Lvl,1988.0,1,656,5,TA,0,GasA,Norm,5,2,TA,1,0,Y,Gd,768,0,133000
Lvl,2005.0,1,625,5,TA,0,GasA,Norm,5,0,TA,1,0,Y,TA,833,0,112000
Lvl,1966.0,1,0,6,TA,0,GasA,Norm,4,2,TA,1,622,Y,Fa,622,0,125500
Lvl,1986.0,2,0,7,TA,63,GasA,Norm,7,2,TA,1,857,Y,Gd,791,1,215000
Lvl,2001.0,2,666,6,Gd,45,GasA,Norm,7,2,Gd,1,896,Y,Gd,944,0,230000
Lvl,1950.0,1,120,6,TA,0,GasA,Norm,6,1,TA,1,556,Y,TA,856,0,140000
Lvl,1956.0,2,0,6,TA,0,Wall,Norm,4,2,TA,2,0,N,TA,0,0,90000
Lvl,2005.0,2,976,7,Gd,44,GasA,Norm,8,2,Gd,1,0,Y,Gd,1844,1,257000
Bnk,1922.0,1,0,8,TA,0,GasA,Norm,6,2,Gd,1,795,Y,TA,833,1,207000
Lvl,2007.0,2,988,7,Gd,20,GasA,Norm,7,3,Gd,1,0,Y,Gd,1386,1,175900
Lvl,1971.0,2,0,11,TA,0,GasA,Norm,4,2,TA,2,1044,Y,TA,777,0,122500
Lvl,1998.0,2,781,7,Gd,126,GasA,Norm,8,3,Gd,1,1140,Y,Gd,1284,1,340000
Lvl,1962.0,1,25,6,TA,88,GasA,Norm,5,1,TA,1,0,Y,TA,1144,0,124000
Lvl,1969.0,2,1110,7,Gd,73,GasA,Norm,6,2,Gd,1,0,Y,TA,1844,1,223000
Lvl,1968.0,2,404,7,TA,169,GasA,Norm,6,2,TA,1,708,Y,TA,708,1,179900
Lvl,1977.0,2,360,4,TA,55,GasA,Norm,6,2,TA,1,0,Y,Gd,1069,1,127500
Lvl,2003.0,1,686,3,Gd,0,GasA,Norm,6,2,Gd,1,0,Y,Gd,848,0,136500
Lvl,1966.0,2,0,8,Gd,236,GasA,Norm,6,2,Gd,1,626,Y,Gd,697,1,274970
Lvl,1970.0,1,457,6,TA,28,GasA,Norm,5,1,TA,1,0,Y,TA,1024,1,144000
Lvl,1960.0,1,0,7,Gd,39,GasA,Norm,6,2,Gd,1,0,Y,TA,1252,0,142000
Lvl,1994.0,2,1000,5,Gd,132,GasA,Norm,7,2,Gd,1,904,Y,Gd,1223,2,271000
Bnk,1962.0,1,580,6,TA,0,GasA,Norm,5,1,TA,1,510,Y,TA,913,1,140000
Lvl,1940.0,1,510,4,TA,0,GasA,Norm,5,1,Gd,1,0,Y,TA,788,2,119000
Lvl,1981.0,2,678,7,Gd,0,GasA,Norm,6,2,Gd,1,0,Y,Gd,1440,1,182900
Lvl,2005.0,2,0,7,Gd,40,GasA,Norm,5,2,TA,1,1104,Y,Gd,732,1,192140
Lvl,1976.0,2,958,5,TA,60,GasA,Norm,6,2,TA,1,0,Y,Gd,958,0,143750
Lvl,1928.0,2,0,5,TA,0,GasA,Norm,4,1,TA,1,0,Y,TA,656,0,64500
Lvl,2000.0,2,0,8,TA,0,GasA,Norm,6,2,TA,1,830,Y,Gd,936,1,186500
Low,1977.0,2,936,5,TA,41,GasA,Norm,5,2,TA,1,0,Y,TA,1126,1,160000
Lvl,1962.0,1,0,7,Gd,36,GasA,Norm,6,2,Gd,1,0,Y,TA,1319,1,174000
Lvl,1974.0,1,616,5,TA,0,GasA,Norm,4,2,TA,1,0,Y,TA,864,0,120500
Lvl,2008.0,2,1336,7,Ex,66,GasA,Norm,8,3,Ex,1,0,Y,Ex,1932,1,394617
Lvl,1957.0,1,600,6,TA,158,GasA,Norm,6,2,TA,1,0,Y,TA,912,0,149700
Lvl,1979.0,2,315,6,TA,88,GasA,Norm,7,2,TA,1,685,Y,TA,539,1,197000
Bnk,1993.0,2,0,11,TA,0,GasA,Norm,6,2,TA,1,748,Y,Ex,588,1,191000
Lvl,2004.0,1,697,3,Gd,0,GasA,Norm,6,2,Gd,1,0,Y,Gd,848,1,149300
Lvl,2008.0,2,765,10,Ex,52,GasA,Norm,10,3,Ex,1,981,Y,Ex,1017,1,310000
Lvl,1916.0,1,0,4,TA,98,Grav,Norm,6,1,Fa,1,0,N,TA,952,1,121000
Lvl,2004.0,2,0,7,Gd,60,GasA,Norm,7,2,Gd,1,0,Y,Gd,1422,0,179600
Lvl,1990.0,1,187,6,TA,0,GasA,Norm,6,1,TA,1,0,Y,TA,814,0,129000
Lvl,1962.0,1,593,6,TA,39,GasA,Norm,5,1,TA,1,0,Y,TA,1188,0,157900
Lvl,1995.0,2,1079,8,Gd,65,GasA,Norm,8,2,Gd,1,870,Y,Gd,1220,1,240000
Lvl,1950.0,1,0,6,TA,24,GasA,Norm,4,1,TA,1,550,N,Fa,560,0,112000
Lvl,2005.0,1,553,3,TA,0,GasA,Norm,5,0,Ex,1,0,Y,Gd,630,0,92000
Lvl,2005.0,2,0,8,TA,45,GasA,Norm,5,0,TA,2,896,Y,Gd,896,0,136000
Lvl,2008.0,2,0,7,Gd,36,GasA,Norm,8,3,Ex,1,0,Y,Gd,1573,1,287090
Lvl,2005.0,1,547,5,TA,28,GasA,Norm,5,2,TA,1,0,Y,Gd,547,0,145000
Lvl,2005.0,1,0,6,TA,56,GasA,Norm,5,0,TA,1,0,Y,Gd,1140,0,84500
Lvl,2004.0,2,410,6,Gd,113,GasA,Norm,7,2,Gd,1,0,Y,Gd,1221,0,185000
Lvl,1999.0,2,0,7,TA,40,GasA,Norm,6,2,TA,1,694,Y,Gd,953,1,175000
Lvl,1978.0,2,790,7,TA,0,GasA,Norm,6,2,TA,1,0,Y,Gd,1542,2,210000
Lvl,1941.0,2,275,9,Ex,60,GasA,Norm,7,1,Gd,1,1152,Y,TA,1152,2,266500
Lvl,1950.0,1,49,5,TA,0,GasA,Norm,5,1,Gd,1,0,Y,TA,1078,0,142125
Lvl,1965.0,1,830,6,Gd,68,GasA,Norm,5,1,TA,1,0,Y,TA,1256,0,147500
